-- phpMyAdmin SQL Dump
-- version 4.6.5.2
-- https://www.phpmyadmin.net/
--
-- Host: 127.0.0.1
-- Generation Time: Jun 05, 2017 at 07:57 AM
-- Server version: 10.1.21-MariaDB
-- PHP Version: 7.0.15

SET SQL_MODE = "NO_AUTO_VALUE_ON_ZERO";
SET time_zone = "+00:00";


/*!40101 SET @OLD_CHARACTER_SET_CLIENT=@@CHARACTER_SET_CLIENT */;
/*!40101 SET @OLD_CHARACTER_SET_RESULTS=@@CHARACTER_SET_RESULTS */;
/*!40101 SET @OLD_COLLATION_CONNECTION=@@COLLATION_CONNECTION */;
/*!40101 SET NAMES utf8mb4 */;

--
-- Database: `realproperty`
--

-- --------------------------------------------------------

--
-- Table structure for table `advertizement`
--

CREATE TABLE `advertizement` (
  `id` int(11) NOT NULL,
  `name` varchar(255) DEFAULT NULL,
  `ad_type` int(11) DEFAULT NULL COMMENT '1 - Property, 2 - Exclusive Ad',
  `image` varchar(255) DEFAULT NULL,
  `created_date` timestamp NOT NULL DEFAULT CURRENT_TIMESTAMP,
  `status` int(11) NOT NULL DEFAULT '1'
) ENGINE=InnoDB DEFAULT CHARSET=utf8 ROW_FORMAT=COMPACT;

--
-- Dumping data for table `advertizement`
--

INSERT INTO `advertizement` (`id`, `name`, `ad_type`, `image`, `created_date`, `status`) VALUES
(1, 'Specifica', 1, '5620e6d4f82609d6359ab3c1965b36be.png', '2017-05-19 06:37:08', 1),
(2, 'Reflections', 2, 'd3e43c099b56260cce65538d4bec41e1.png', '2017-05-19 06:37:22', 1),
(3, 'Sample', 2, '1a6eac86baae883239ed4001be7e48fc.png', '2017-05-19 06:37:30', 1),
(4, 'Floris', 1, 'e58d0f8726416e5c84207bad1eba520d.png', '2017-05-19 07:18:17', 1),
(5, 'Devansh', 1, '03f31ebf22f3ab7a0eb54822ef762f5b.png', '2017-05-19 07:20:59', 1),
(6, 'Shakti', 1, 'aaedca3f1842c5d5d230eb81de8af88c.png', '2017-05-19 07:21:15', 1),
(7, 'Test', 1, 'f3d19c1f2ab2a0c6f68f30aa37c73285.jpg', '2017-05-19 12:29:40', 1);

-- --------------------------------------------------------

--
-- Table structure for table `banks`
--

CREATE TABLE `banks` (
  `id` int(11) NOT NULL,
  `name` varchar(255) DEFAULT NULL,
  `interest_rate` varchar(255) DEFAULT NULL,
  `image` varchar(255) DEFAULT NULL,
  `created_date` timestamp NOT NULL DEFAULT CURRENT_TIMESTAMP,
  `status` int(11) NOT NULL DEFAULT '1'
) ENGINE=InnoDB DEFAULT CHARSET=utf8;

--
-- Dumping data for table `banks`
--

INSERT INTO `banks` (`id`, `name`, `interest_rate`, `image`, `created_date`, `status`) VALUES
(1, 'Axis Bank', NULL, 'axisbank.png', '2017-05-27 06:09:11', 1),
(2, 'City Bank', NULL, 'citibank.png', '2017-05-27 06:09:11', 1),
(3, 'HDFC Bank', NULL, 'hdfc.png', '2017-05-27 06:09:39', 1),
(4, 'IIFL Bank', NULL, 'iifl.png', '2017-05-27 06:09:39', 1),
(5, 'Punjab National Bank', NULL, 'punjab.png', '2017-05-27 06:10:04', 1),
(6, 'Allahabad Bank', NULL, 'Allahabad Bank.jpg', '2017-05-27 09:26:17', 1),
(7, 'Bank of India', NULL, 'Bank_of_India.svg_.png', '2017-05-27 09:26:17', 1),
(8, 'Bank of Baroda', NULL, 'bank_of_baroda.png', '2017-05-27 09:27:05', 1),
(9, 'Canara Bank', NULL, 'canara.jpg', '2017-05-27 09:27:43', 1),
(10, 'Syndicate Bank', NULL, 'SyndicateBank.png', '2017-05-27 09:28:14', 1),
(11, 'State Bank of India', NULL, 'state_bank.png', '2017-05-27 09:28:56', 1),
(12, 'Yes Bank', NULL, 'yes_bank.png', '2017-05-27 09:29:56', 1),
(13, 'ICICI Bank', NULL, 'icicibank.jpg', '2017-05-30 07:01:48', 1),
(14, 'Coprotation Bank', NULL, '125dd8da62e27ac7f118d9cd2a3ec454.png', '2017-05-31 05:55:33', 1);

-- --------------------------------------------------------

--
-- Table structure for table `bank_offers`
--

CREATE TABLE `bank_offers` (
  `id` int(11) NOT NULL,
  `property_id` int(11) NOT NULL,
  `bank_id` int(11) NOT NULL,
  `interest_rate` varchar(255) DEFAULT NULL,
  `created_date` timestamp NOT NULL DEFAULT CURRENT_TIMESTAMP,
  `status` int(11) NOT NULL DEFAULT '1'
) ENGINE=InnoDB DEFAULT CHARSET=utf8;

--
-- Dumping data for table `bank_offers`
--

INSERT INTO `bank_offers` (`id`, `property_id`, `bank_id`, `interest_rate`, `created_date`, `status`) VALUES
(10, 11, 1, '4', '2017-05-27 10:19:15', 1),
(11, 11, 2, '5', '2017-05-27 10:19:15', 1),
(12, 11, 3, '6', '2017-05-27 10:19:15', 1),
(13, 11, 6, '7', '2017-05-27 10:19:15', 1),
(15, 12, 1, '1', '2017-05-27 12:04:36', 1),
(16, 1, 1, '1', '2017-05-29 04:38:37', 1),
(17, 2, 1, '1', '2017-05-29 04:39:15', 1),
(18, 3, 1, '1', '2017-05-29 04:40:08', 1),
(19, 5, 1, '1', '2017-05-29 04:43:48', 1),
(20, 6, 1, '1', '2017-05-29 04:44:12', 1),
(21, 7, 1, '1', '2017-05-29 04:45:12', 1);

-- --------------------------------------------------------

--
-- Table structure for table `cities`
--

CREATE TABLE `cities` (
  `id` int(11) NOT NULL,
  `city_name` text,
  `created_date` timestamp NOT NULL DEFAULT CURRENT_TIMESTAMP,
  `status` int(11) NOT NULL DEFAULT '1'
) ENGINE=InnoDB DEFAULT CHARSET=utf8 ROW_FORMAT=COMPACT;

--
-- Dumping data for table `cities`
--

INSERT INTO `cities` (`id`, `city_name`, `created_date`, `status`) VALUES
(1, 'Ahmedabd (ALL)', '2017-05-23 09:02:08', 1),
(4, 'Delhi / NCR (All)', '2017-05-23 09:06:17', 1),
(8, 'Mumbai (All)', '2017-05-23 11:09:44', 1),
(10, 'Bangalore (All)', '2017-05-23 11:10:02', 1),
(11, 'Kolkata (All)', '2017-05-23 11:10:16', 1),
(12, 'Chennai (All)', '2017-05-23 11:10:24', 1),
(13, 'Other Hotspots', '2017-05-23 11:10:36', 1);

-- --------------------------------------------------------

--
-- Table structure for table `city_area`
--

CREATE TABLE `city_area` (
  `id` int(11) NOT NULL,
  `city_id` int(11) NOT NULL,
  `name` text NOT NULL
) ENGINE=InnoDB DEFAULT CHARSET=utf8;

--
-- Dumping data for table `city_area`
--

INSERT INTO `city_area` (`id`, `city_id`, `name`) VALUES
(1, 1, 'Ahmedabad City & East'),
(2, 1, 'Ahmedabad City & West'),
(3, 1, 'Gandhinagar & Sabarmati'),
(4, 4, 'New Delhi'),
(5, 4, 'New Delll'),
(7, 8, 'Mira Road And Beyond'),
(8, 8, 'Central Mumbai suburbs'),
(9, 8, 'Mumbai Navi'),
(10, 1, 'Ahmedabad North'),
(11, 1, 'Ahmedabad City & South');

-- --------------------------------------------------------

--
-- Table structure for table `ci_sessions`
--

CREATE TABLE `ci_sessions` (
  `id` varchar(40) NOT NULL,
  `ip_address` varchar(45) NOT NULL,
  `timestamp` int(10) UNSIGNED NOT NULL DEFAULT '0',
  `data` blob NOT NULL
) ENGINE=InnoDB DEFAULT CHARSET=utf8;

--
-- Dumping data for table `ci_sessions`
--

INSERT INTO `ci_sessions` (`id`, `ip_address`, `timestamp`, `data`) VALUES
('0774526c8e9e9a3920d26f1ad84f45a28681b403', '::1', 1495446462, 0x5f5f63695f6c6173745f726567656e65726174657c693a313439353434363436323b666c6578695f617574687c613a373a7b733a31393a226c6f67696e5f73657373696f6e5f746f6b656e223b733a34303a2231316162373332646664316133653163643037383138303564383935353064326639626631346539223b733a32323a226c6f676765645f696e5f7669615f70617373776f7264223b623a313b733a323a226964223b733a313a2231223b733a31353a22757365725f6964656e746966696572223b733a31353a2261646d696e4061646d696e2e636f6d223b733a353a2261646d696e223b623a313b733a353a2267726f7570223b613a313a7b693a333b733a31323a224d61737465722041646d696e223b7d733a31303a2270726976696c65676573223b613a31313a7b693a313b733a31303a2256696577205573657273223b693a323b733a31363a225669657720557365722047726f757073223b693a333b733a31353a22566965772050726976696c65676573223b693a343b733a31383a22496e7365727420557365722047726f757073223b693a353b733a31373a22496e736572742050726976696c65676573223b693a363b733a31323a22557064617465205573657273223b693a373b733a31383a2255706461746520557365722047726f757073223b693a383b733a31373a225570646174652050726976696c65676573223b693a393b733a31323a2244656c657465205573657273223b693a31303b733a31383a2244656c65746520557365722047726f757073223b693a31313b733a31373a2244656c6574652050726976696c65676573223b7d7d70726f70657274795f646174617c613a313a7b733a31383a2270726f70657274795f756e697175655f6e6f223b693a3935303735333735343b7d),
('0fc758c49018027f03a94bd1ed13c9c43a174b87', '::1', 1495445693, 0x5f5f63695f6c6173745f726567656e65726174657c693a313439353434353639333b666c6578695f617574687c613a373a7b733a31393a226c6f67696e5f73657373696f6e5f746f6b656e223b733a34303a2264333133626666363739313337636666353635663465393365376530613663363134303831323266223b733a32323a226c6f676765645f696e5f7669615f70617373776f7264223b623a313b733a323a226964223b733a313a2231223b733a31353a22757365725f6964656e746966696572223b733a31353a2261646d696e4061646d696e2e636f6d223b733a353a2261646d696e223b623a313b733a353a2267726f7570223b613a313a7b693a333b733a31323a224d61737465722041646d696e223b7d733a31303a2270726976696c65676573223b613a31313a7b693a313b733a31303a2256696577205573657273223b693a323b733a31363a225669657720557365722047726f757073223b693a333b733a31353a22566965772050726976696c65676573223b693a343b733a31383a22496e7365727420557365722047726f757073223b693a353b733a31373a22496e736572742050726976696c65676573223b693a363b733a31323a22557064617465205573657273223b693a373b733a31383a2255706461746520557365722047726f757073223b693a383b733a31373a225570646174652050726976696c65676573223b693a393b733a31323a2244656c657465205573657273223b693a31303b733a31383a2244656c65746520557365722047726f757073223b693a31313b733a31373a2244656c6574652050726976696c65676573223b7d7d70726f70657274795f646174617c613a313a7b733a31383a2270726f70657274795f756e697175655f6e6f223b693a3231363632303333323b7d),
('14f3327f2377beacf5ddc5b7f2398fac58ee16fa', '::1', 1495522271, 0x5f5f63695f6c6173745f726567656e65726174657c693a313439353532323233393b666c6578695f617574687c613a373a7b733a31393a226c6f67696e5f73657373696f6e5f746f6b656e223b733a34303a2266623031666438646463376566343563373034666162396138343430636339333463613065393036223b733a32323a226c6f676765645f696e5f7669615f70617373776f7264223b623a313b733a323a226964223b733a313a2231223b733a31353a22757365725f6964656e746966696572223b733a31353a2261646d696e4061646d696e2e636f6d223b733a353a2261646d696e223b623a313b733a353a2267726f7570223b613a313a7b693a333b733a31323a224d61737465722041646d696e223b7d733a31303a2270726976696c65676573223b613a31313a7b693a313b733a31303a2256696577205573657273223b693a323b733a31363a225669657720557365722047726f757073223b693a333b733a31353a22566965772050726976696c65676573223b693a343b733a31383a22496e7365727420557365722047726f757073223b693a353b733a31373a22496e736572742050726976696c65676573223b693a363b733a31323a22557064617465205573657273223b693a373b733a31383a2255706461746520557365722047726f757073223b693a383b733a31373a225570646174652050726976696c65676573223b693a393b733a31323a2244656c657465205573657273223b693a31303b733a31383a2244656c65746520557365722047726f757073223b693a31313b733a31373a2244656c6574652050726976696c65676573223b7d7d70726f70657274795f646174617c613a313a7b733a31383a2270726f70657274795f756e697175655f6e6f223b693a323030343134313836393b7d),
('18c0e3c37910c42546213db8b574414a6a403a51', '::1', 1495444127, 0x5f5f63695f6c6173745f726567656e65726174657c693a313439353434343132373b666c6578695f617574687c613a373a7b733a31393a226c6f67696e5f73657373696f6e5f746f6b656e223b733a34303a2230353864633239303731306534353236353765333961633238633462646462393461623330626230223b733a32323a226c6f676765645f696e5f7669615f70617373776f7264223b623a313b733a323a226964223b733a313a2231223b733a31353a22757365725f6964656e746966696572223b733a31353a2261646d696e4061646d696e2e636f6d223b733a353a2261646d696e223b623a313b733a353a2267726f7570223b613a313a7b693a333b733a31323a224d61737465722041646d696e223b7d733a31303a2270726976696c65676573223b613a31313a7b693a313b733a31303a2256696577205573657273223b693a323b733a31363a225669657720557365722047726f757073223b693a333b733a31353a22566965772050726976696c65676573223b693a343b733a31383a22496e7365727420557365722047726f757073223b693a353b733a31373a22496e736572742050726976696c65676573223b693a363b733a31323a22557064617465205573657273223b693a373b733a31383a2255706461746520557365722047726f757073223b693a383b733a31373a225570646174652050726976696c65676573223b693a393b733a31323a2244656c657465205573657273223b693a31303b733a31383a2244656c65746520557365722047726f757073223b693a31313b733a31373a2244656c6574652050726976696c65676573223b7d7d70726f70657274795f646174617c613a313a7b733a31383a2270726f70657274795f756e697175655f6e6f223b693a3634323638383934393b7d),
('23795bb3d79fbd9c7c163ec19bad303d86052c60', '::1', 1495515667, 0x5f5f63695f6c6173745f726567656e65726174657c693a313439353531353636373b666c6578695f617574687c613a373a7b733a31393a226c6f67696e5f73657373696f6e5f746f6b656e223b733a34303a2262353435643836343337396532326235653831323261346538663064313634383533613431656261223b733a32323a226c6f676765645f696e5f7669615f70617373776f7264223b623a313b733a323a226964223b733a313a2231223b733a31353a22757365725f6964656e746966696572223b733a31353a2261646d696e4061646d696e2e636f6d223b733a353a2261646d696e223b623a313b733a353a2267726f7570223b613a313a7b693a333b733a31323a224d61737465722041646d696e223b7d733a31303a2270726976696c65676573223b613a31313a7b693a313b733a31303a2256696577205573657273223b693a323b733a31363a225669657720557365722047726f757073223b693a333b733a31353a22566965772050726976696c65676573223b693a343b733a31383a22496e7365727420557365722047726f757073223b693a353b733a31373a22496e736572742050726976696c65676573223b693a363b733a31323a22557064617465205573657273223b693a373b733a31383a2255706461746520557365722047726f757073223b693a383b733a31373a225570646174652050726976696c65676573223b693a393b733a31323a2244656c657465205573657273223b693a31303b733a31383a2244656c65746520557365722047726f757073223b693a31313b733a31373a2244656c6574652050726976696c65676573223b7d7d6d6573736167657c733a32373a2250726f7065727479206164646564207375636365737366756c6c79223b5f5f63695f766172737c613a313a7b733a373a226d657373616765223b733a333a226e6577223b7d70726f70657274795f646174617c613a313a7b733a31383a2270726f70657274795f756e697175655f6e6f223b693a313133333931353435323b7d),
('2423ac17855c8ae146cc79199388d3012ea3224b', '::1', 1495443752, 0x5f5f63695f6c6173745f726567656e65726174657c693a313439353434333735323b666c6578695f617574687c613a373a7b733a31393a226c6f67696e5f73657373696f6e5f746f6b656e223b733a34303a2263343032316534313564353261313630396365343363336562343264326137346238656635383330223b733a32323a226c6f676765645f696e5f7669615f70617373776f7264223b623a313b733a323a226964223b733a313a2231223b733a31353a22757365725f6964656e746966696572223b733a31353a2261646d696e4061646d696e2e636f6d223b733a353a2261646d696e223b623a313b733a353a2267726f7570223b613a313a7b693a333b733a31323a224d61737465722041646d696e223b7d733a31303a2270726976696c65676573223b613a31313a7b693a313b733a31303a2256696577205573657273223b693a323b733a31363a225669657720557365722047726f757073223b693a333b733a31353a22566965772050726976696c65676573223b693a343b733a31383a22496e7365727420557365722047726f757073223b693a353b733a31373a22496e736572742050726976696c65676573223b693a363b733a31323a22557064617465205573657273223b693a373b733a31383a2255706461746520557365722047726f757073223b693a383b733a31373a225570646174652050726976696c65676573223b693a393b733a31323a2244656c657465205573657273223b693a31303b733a31383a2244656c65746520557365722047726f757073223b693a31313b733a31373a2244656c6574652050726976696c65676573223b7d7d6d6573736167657c733a32373a2250726f7065727479206164646564207375636365737366756c6c79223b5f5f63695f766172737c613a313a7b733a373a226d657373616765223b733a333a226e6577223b7d70726f70657274795f646174617c613a313a7b733a31383a2270726f70657274795f756e697175655f6e6f223b693a35393030303039313b7d),
('325d379e61fdb765d6075dece6c0de0e062a3b3b', '::1', 1495513488, 0x5f5f63695f6c6173745f726567656e65726174657c693a313439353531333438383b666c6578695f617574687c613a373a7b733a31393a226c6f67696e5f73657373696f6e5f746f6b656e223b733a34303a2236656162313566613138646333346564353964353236653165363938356535386663373065393663223b733a32323a226c6f676765645f696e5f7669615f70617373776f7264223b623a313b733a323a226964223b733a313a2231223b733a31353a22757365725f6964656e746966696572223b733a31353a2261646d696e4061646d696e2e636f6d223b733a353a2261646d696e223b623a313b733a353a2267726f7570223b613a313a7b693a333b733a31323a224d61737465722041646d696e223b7d733a31303a2270726976696c65676573223b613a31313a7b693a313b733a31303a2256696577205573657273223b693a323b733a31363a225669657720557365722047726f757073223b693a333b733a31353a22566965772050726976696c65676573223b693a343b733a31383a22496e7365727420557365722047726f757073223b693a353b733a31373a22496e736572742050726976696c65676573223b693a363b733a31323a22557064617465205573657273223b693a373b733a31383a2255706461746520557365722047726f757073223b693a383b733a31373a225570646174652050726976696c65676573223b693a393b733a31323a2244656c657465205573657273223b693a31303b733a31383a2244656c65746520557365722047726f757073223b693a31313b733a31373a2244656c6574652050726976696c65676573223b7d7d70726f70657274795f646174617c613a313a7b733a31383a2270726f70657274795f756e697175655f6e6f223b693a313836383437333434353b7d),
('3a98bd624d9fbf4c28a81fb820f87c001df9c448', '::1', 1495452211, 0x5f5f63695f6c6173745f726567656e65726174657c693a313439353435323231313b666c6578695f617574687c613a373a7b733a31393a226c6f67696e5f73657373696f6e5f746f6b656e223b733a34303a2261393230633634633062386137396438656439343063393265336664623634336532306439323163223b733a32323a226c6f676765645f696e5f7669615f70617373776f7264223b623a313b733a323a226964223b733a313a2231223b733a31353a22757365725f6964656e746966696572223b733a31353a2261646d696e4061646d696e2e636f6d223b733a353a2261646d696e223b623a313b733a353a2267726f7570223b613a313a7b693a333b733a31323a224d61737465722041646d696e223b7d733a31303a2270726976696c65676573223b613a31313a7b693a313b733a31303a2256696577205573657273223b693a323b733a31363a225669657720557365722047726f757073223b693a333b733a31353a22566965772050726976696c65676573223b693a343b733a31383a22496e7365727420557365722047726f757073223b693a353b733a31373a22496e736572742050726976696c65676573223b693a363b733a31323a22557064617465205573657273223b693a373b733a31383a2255706461746520557365722047726f757073223b693a383b733a31373a225570646174652050726976696c65676573223b693a393b733a31323a2244656c657465205573657273223b693a31303b733a31383a2244656c65746520557365722047726f757073223b693a31313b733a31373a2244656c6574652050726976696c65676573223b7d7d70726f70657274795f646174617c613a313a7b733a31383a2270726f70657274795f756e697175655f6e6f223b693a313734303030323239343b7d),
('4cf804ff5a669c3ef91cf49e62141c329d3c8d61', '::1', 1495516183, 0x5f5f63695f6c6173745f726567656e65726174657c693a313439353531363138333b666c6578695f617574687c613a373a7b733a31393a226c6f67696e5f73657373696f6e5f746f6b656e223b733a34303a2235393233633437353830303431333131373165363830353837313965396262393461346138623263223b733a32323a226c6f676765645f696e5f7669615f70617373776f7264223b623a313b733a323a226964223b733a313a2231223b733a31353a22757365725f6964656e746966696572223b733a31353a2261646d696e4061646d696e2e636f6d223b733a353a2261646d696e223b623a313b733a353a2267726f7570223b613a313a7b693a333b733a31323a224d61737465722041646d696e223b7d733a31303a2270726976696c65676573223b613a31313a7b693a313b733a31303a2256696577205573657273223b693a323b733a31363a225669657720557365722047726f757073223b693a333b733a31353a22566965772050726976696c65676573223b693a343b733a31383a22496e7365727420557365722047726f757073223b693a353b733a31373a22496e736572742050726976696c65676573223b693a363b733a31323a22557064617465205573657273223b693a373b733a31383a2255706461746520557365722047726f757073223b693a383b733a31373a225570646174652050726976696c65676573223b693a393b733a31323a2244656c657465205573657273223b693a31303b733a31383a2244656c65746520557365722047726f757073223b693a31313b733a31373a2244656c6574652050726976696c65676573223b7d7d70726f70657274795f646174617c613a313a7b733a31383a2270726f70657274795f756e697175655f6e6f223b693a3830343532363435373b7d),
('4d79100ce974f353ef380f8951246e716c9effd9', '::1', 1495455643, 0x5f5f63695f6c6173745f726567656e65726174657c693a313439353435353634333b666c6578695f617574687c613a373a7b733a31393a226c6f67696e5f73657373696f6e5f746f6b656e223b733a34303a2266306465313861656337383836313039313332636463353166346439313337613765623761663835223b733a32323a226c6f676765645f696e5f7669615f70617373776f7264223b623a313b733a323a226964223b733a313a2231223b733a31353a22757365725f6964656e746966696572223b733a31353a2261646d696e4061646d696e2e636f6d223b733a353a2261646d696e223b623a313b733a353a2267726f7570223b613a313a7b693a333b733a31323a224d61737465722041646d696e223b7d733a31303a2270726976696c65676573223b613a31313a7b693a313b733a31303a2256696577205573657273223b693a323b733a31363a225669657720557365722047726f757073223b693a333b733a31353a22566965772050726976696c65676573223b693a343b733a31383a22496e7365727420557365722047726f757073223b693a353b733a31373a22496e736572742050726976696c65676573223b693a363b733a31323a22557064617465205573657273223b693a373b733a31383a2255706461746520557365722047726f757073223b693a383b733a31373a225570646174652050726976696c65676573223b693a393b733a31323a2244656c657465205573657273223b693a31303b733a31383a2244656c65746520557365722047726f757073223b693a31313b733a31373a2244656c6574652050726976696c65676573223b7d7d6d6573736167657c733a32373a2250726f7065727479206164646564207375636365737366756c6c79223b5f5f63695f766172737c613a313a7b733a373a226d657373616765223b733a333a226e6577223b7d70726f70657274795f646174617c613a313a7b733a31383a2270726f70657274795f756e697175655f6e6f223b693a3630393830333332353b7d),
('5a2b0eee664a2b0050ffb6215e276ff1ebac7263', '::1', 1495513866, 0x5f5f63695f6c6173745f726567656e65726174657c693a313439353531333836363b666c6578695f617574687c613a373a7b733a31393a226c6f67696e5f73657373696f6e5f746f6b656e223b733a34303a2262626566633637313335313765346535666431343162336638616664633364663236363261313935223b733a32323a226c6f676765645f696e5f7669615f70617373776f7264223b623a313b733a323a226964223b733a313a2231223b733a31353a22757365725f6964656e746966696572223b733a31353a2261646d696e4061646d696e2e636f6d223b733a353a2261646d696e223b623a313b733a353a2267726f7570223b613a313a7b693a333b733a31323a224d61737465722041646d696e223b7d733a31303a2270726976696c65676573223b613a31313a7b693a313b733a31303a2256696577205573657273223b693a323b733a31363a225669657720557365722047726f757073223b693a333b733a31353a22566965772050726976696c65676573223b693a343b733a31383a22496e7365727420557365722047726f757073223b693a353b733a31373a22496e736572742050726976696c65676573223b693a363b733a31323a22557064617465205573657273223b693a373b733a31383a2255706461746520557365722047726f757073223b693a383b733a31373a225570646174652050726976696c65676573223b693a393b733a31323a2244656c657465205573657273223b693a31303b733a31383a2244656c65746520557365722047726f757073223b693a31313b733a31373a2244656c6574652050726976696c65676573223b7d7d70726f70657274795f646174617c613a313a7b733a31383a2270726f70657274795f756e697175655f6e6f223b693a3135313032313832323b7d6d6573736167657c733a36343a223c703e5468652066696c657479706520796f752061726520617474656d7074696e6720746f2075706c6f6164206973206e6f7420616c6c6f7765642e3c2f703e223b5f5f63695f766172737c613a313a7b733a373a226d657373616765223b733a333a226e6577223b7d),
('5a3dc40115b594e255b1b1446caf4b080b10b18c', '::1', 1495448959, 0x5f5f63695f6c6173745f726567656e65726174657c693a313439353434383935393b666c6578695f617574687c613a373a7b733a31393a226c6f67696e5f73657373696f6e5f746f6b656e223b733a34303a2265396434356365643638393935376532393764376633363464356263653137666562386437303231223b733a32323a226c6f676765645f696e5f7669615f70617373776f7264223b623a313b733a323a226964223b733a313a2231223b733a31353a22757365725f6964656e746966696572223b733a31353a2261646d696e4061646d696e2e636f6d223b733a353a2261646d696e223b623a313b733a353a2267726f7570223b613a313a7b693a333b733a31323a224d61737465722041646d696e223b7d733a31303a2270726976696c65676573223b613a31313a7b693a313b733a31303a2256696577205573657273223b693a323b733a31363a225669657720557365722047726f757073223b693a333b733a31353a22566965772050726976696c65676573223b693a343b733a31383a22496e7365727420557365722047726f757073223b693a353b733a31373a22496e736572742050726976696c65676573223b693a363b733a31323a22557064617465205573657273223b693a373b733a31383a2255706461746520557365722047726f757073223b693a383b733a31373a225570646174652050726976696c65676573223b693a393b733a31323a2244656c657465205573657273223b693a31303b733a31383a2244656c65746520557365722047726f757073223b693a31313b733a31373a2244656c6574652050726976696c65676573223b7d7d70726f70657274795f646174617c613a313a7b733a31383a2270726f70657274795f756e697175655f6e6f223b693a3330373635393632343b7d),
('5a5b897ba5764897e879d2332479198e3fcbb3a5', '::1', 1495515278, 0x5f5f63695f6c6173745f726567656e65726174657c693a313439353531353237383b666c6578695f617574687c613a373a7b733a31393a226c6f67696e5f73657373696f6e5f746f6b656e223b733a34303a2265383266633037303839363434353434343636383338623634336238366363383131326130626265223b733a32323a226c6f676765645f696e5f7669615f70617373776f7264223b623a313b733a323a226964223b733a313a2231223b733a31353a22757365725f6964656e746966696572223b733a31353a2261646d696e4061646d696e2e636f6d223b733a353a2261646d696e223b623a313b733a353a2267726f7570223b613a313a7b693a333b733a31323a224d61737465722041646d696e223b7d733a31303a2270726976696c65676573223b613a31313a7b693a313b733a31303a2256696577205573657273223b693a323b733a31363a225669657720557365722047726f757073223b693a333b733a31353a22566965772050726976696c65676573223b693a343b733a31383a22496e7365727420557365722047726f757073223b693a353b733a31373a22496e736572742050726976696c65676573223b693a363b733a31323a22557064617465205573657273223b693a373b733a31383a2255706461746520557365722047726f757073223b693a383b733a31373a225570646174652050726976696c65676573223b693a393b733a31323a2244656c657465205573657273223b693a31303b733a31383a2244656c65746520557365722047726f757073223b693a31313b733a31373a2244656c6574652050726976696c65676573223b7d7d6d6573736167657c733a32373a2250726f7065727479206164646564207375636365737366756c6c79223b5f5f63695f766172737c613a313a7b733a373a226d657373616765223b733a333a226e6577223b7d70726f70657274795f646174617c613a313a7b733a31383a2270726f70657274795f756e697175655f6e6f223b693a313435363338333832353b7d),
('5c1a4148225b2146e95d8bbeee0849dac4069c98', '::1', 1495448316, 0x5f5f63695f6c6173745f726567656e65726174657c693a313439353434383331353b666c6578695f617574687c613a373a7b733a31393a226c6f67696e5f73657373696f6e5f746f6b656e223b733a34303a2236383233656462653939333332366164373837363764653866333536663965373632316135366237223b733a32323a226c6f676765645f696e5f7669615f70617373776f7264223b623a313b733a323a226964223b733a313a2231223b733a31353a22757365725f6964656e746966696572223b733a31353a2261646d696e4061646d696e2e636f6d223b733a353a2261646d696e223b623a313b733a353a2267726f7570223b613a313a7b693a333b733a31323a224d61737465722041646d696e223b7d733a31303a2270726976696c65676573223b613a31313a7b693a313b733a31303a2256696577205573657273223b693a323b733a31363a225669657720557365722047726f757073223b693a333b733a31353a22566965772050726976696c65676573223b693a343b733a31383a22496e7365727420557365722047726f757073223b693a353b733a31373a22496e736572742050726976696c65676573223b693a363b733a31323a22557064617465205573657273223b693a373b733a31383a2255706461746520557365722047726f757073223b693a383b733a31373a225570646174652050726976696c65676573223b693a393b733a31323a2244656c657465205573657273223b693a31303b733a31383a2244656c65746520557365722047726f757073223b693a31313b733a31373a2244656c6574652050726976696c65676573223b7d7d70726f70657274795f646174617c613a313a7b733a31383a2270726f70657274795f756e697175655f6e6f223b693a37383533363739383b7d),
('5c6557e4b2f16473111ec69fc66dc50e31451d8a', '::1', 1495443376, 0x5f5f63695f6c6173745f726567656e65726174657c693a313439353434333337363b666c6578695f617574687c613a373a7b733a31393a226c6f67696e5f73657373696f6e5f746f6b656e223b733a34303a2263383230303063613430623034393737616131366563366230623530336330663438656537393035223b733a32323a226c6f676765645f696e5f7669615f70617373776f7264223b623a313b733a323a226964223b733a313a2231223b733a31353a22757365725f6964656e746966696572223b733a31353a2261646d696e4061646d696e2e636f6d223b733a353a2261646d696e223b623a313b733a353a2267726f7570223b613a313a7b693a333b733a31323a224d61737465722041646d696e223b7d733a31303a2270726976696c65676573223b613a31313a7b693a313b733a31303a2256696577205573657273223b693a323b733a31363a225669657720557365722047726f757073223b693a333b733a31353a22566965772050726976696c65676573223b693a343b733a31383a22496e7365727420557365722047726f757073223b693a353b733a31373a22496e736572742050726976696c65676573223b693a363b733a31323a22557064617465205573657273223b693a373b733a31383a2255706461746520557365722047726f757073223b693a383b733a31373a225570646174652050726976696c65676573223b693a393b733a31323a2244656c657465205573657273223b693a31303b733a31383a2244656c65746520557365722047726f757073223b693a31313b733a31373a2244656c6574652050726976696c65676573223b7d7d70726f70657274795f646174617c613a313a7b733a31383a2270726f70657274795f756e697175655f6e6f223b693a3431353339373031343b7d),
('7448c16d284fdb35b7e262dc601abcce1fc9de93', '::1', 1495451589, 0x5f5f63695f6c6173745f726567656e65726174657c693a313439353435313538393b666c6578695f617574687c613a373a7b733a31393a226c6f67696e5f73657373696f6e5f746f6b656e223b733a34303a2231623537366635636365396236663831336666376265303737636666386662366564326239356336223b733a32323a226c6f676765645f696e5f7669615f70617373776f7264223b623a313b733a323a226964223b733a313a2231223b733a31353a22757365725f6964656e746966696572223b733a31353a2261646d696e4061646d696e2e636f6d223b733a353a2261646d696e223b623a313b733a353a2267726f7570223b613a313a7b693a333b733a31323a224d61737465722041646d696e223b7d733a31303a2270726976696c65676573223b613a31313a7b693a313b733a31303a2256696577205573657273223b693a323b733a31363a225669657720557365722047726f757073223b693a333b733a31353a22566965772050726976696c65676573223b693a343b733a31383a22496e7365727420557365722047726f757073223b693a353b733a31373a22496e736572742050726976696c65676573223b693a363b733a31323a22557064617465205573657273223b693a373b733a31383a2255706461746520557365722047726f757073223b693a383b733a31373a225570646174652050726976696c65676573223b693a393b733a31323a2244656c657465205573657273223b693a31303b733a31383a2244656c65746520557365722047726f757073223b693a31313b733a31373a2244656c6574652050726976696c65676573223b7d7d70726f70657274795f646174617c613a313a7b733a31383a2270726f70657274795f756e697175655f6e6f223b693a3230353630303631373b7d),
('7994f0cf2a1a6813a96b189ef0d560d3756613cc', '::1', 1495450325, 0x5f5f63695f6c6173745f726567656e65726174657c693a313439353435303332353b666c6578695f617574687c613a373a7b733a31393a226c6f67696e5f73657373696f6e5f746f6b656e223b733a34303a2239636435373835666537303137393931346234353562313539376335383661653932356364313236223b733a32323a226c6f676765645f696e5f7669615f70617373776f7264223b623a313b733a323a226964223b733a313a2231223b733a31353a22757365725f6964656e746966696572223b733a31353a2261646d696e4061646d696e2e636f6d223b733a353a2261646d696e223b623a313b733a353a2267726f7570223b613a313a7b693a333b733a31323a224d61737465722041646d696e223b7d733a31303a2270726976696c65676573223b613a31313a7b693a313b733a31303a2256696577205573657273223b693a323b733a31363a225669657720557365722047726f757073223b693a333b733a31353a22566965772050726976696c65676573223b693a343b733a31383a22496e7365727420557365722047726f757073223b693a353b733a31373a22496e736572742050726976696c65676573223b693a363b733a31323a22557064617465205573657273223b693a373b733a31383a2255706461746520557365722047726f757073223b693a383b733a31373a225570646174652050726976696c65676573223b693a393b733a31323a2244656c657465205573657273223b693a31303b733a31383a2244656c65746520557365722047726f757073223b693a31313b733a31373a2244656c6574652050726976696c65676573223b7d7d6d6573736167657c733a32373a2250726f7065727479206164646564207375636365737366756c6c79223b5f5f63695f766172737c613a313a7b733a373a226d657373616765223b733a333a226e6577223b7d70726f70657274795f646174617c613a313a7b733a31383a2270726f70657274795f756e697175655f6e6f223b693a313132323132353338323b7d),
('7aae012717b1f8c8e43dc1e45386adadb5a4c078', '::1', 1495514196, 0x5f5f63695f6c6173745f726567656e65726174657c693a313439353531343139363b666c6578695f617574687c613a373a7b733a31393a226c6f67696e5f73657373696f6e5f746f6b656e223b733a34303a2262623163323836643961343435316465326637303662346438646335366637376534376265306362223b733a32323a226c6f676765645f696e5f7669615f70617373776f7264223b623a313b733a323a226964223b733a313a2231223b733a31353a22757365725f6964656e746966696572223b733a31353a2261646d696e4061646d696e2e636f6d223b733a353a2261646d696e223b623a313b733a353a2267726f7570223b613a313a7b693a333b733a31323a224d61737465722041646d696e223b7d733a31303a2270726976696c65676573223b613a31313a7b693a313b733a31303a2256696577205573657273223b693a323b733a31363a225669657720557365722047726f757073223b693a333b733a31353a22566965772050726976696c65676573223b693a343b733a31383a22496e7365727420557365722047726f757073223b693a353b733a31373a22496e736572742050726976696c65676573223b693a363b733a31323a22557064617465205573657273223b693a373b733a31383a2255706461746520557365722047726f757073223b693a383b733a31373a225570646174652050726976696c65676573223b693a393b733a31323a2244656c657465205573657273223b693a31303b733a31383a2244656c65746520557365722047726f757073223b693a31313b733a31373a2244656c6574652050726976696c65676573223b7d7d6d6573736167657c733a32373a2250726f7065727479206164646564207375636365737366756c6c79223b5f5f63695f766172737c613a313a7b733a373a226d657373616765223b733a333a226e6577223b7d70726f70657274795f646174617c613a313a7b733a31383a2270726f70657274795f756e697175655f6e6f223b693a3234373033393333363b7d),
('8a02dc04ae8fe304d3b4fa4ab3480ab1642a400e', '::1', 1495521773, 0x5f5f63695f6c6173745f726567656e65726174657c693a313439353532313737333b70726f70657274795f646174617c613a313a7b733a31383a2270726f70657274795f756e697175655f6e6f223b693a313634303636323238323b7d666c6578695f617574687c613a373a7b733a31393a226c6f67696e5f73657373696f6e5f746f6b656e223b733a34303a2236333066316563356435323335646562383864313530616431646534316235363735613661346366223b733a32323a226c6f676765645f696e5f7669615f70617373776f7264223b623a313b733a323a226964223b733a313a2231223b733a31353a22757365725f6964656e746966696572223b733a31353a2261646d696e4061646d696e2e636f6d223b733a353a2261646d696e223b623a313b733a353a2267726f7570223b613a313a7b693a333b733a31323a224d61737465722041646d696e223b7d733a31303a2270726976696c65676573223b613a31313a7b693a313b733a31303a2256696577205573657273223b693a323b733a31363a225669657720557365722047726f757073223b693a333b733a31353a22566965772050726976696c65676573223b693a343b733a31383a22496e7365727420557365722047726f757073223b693a353b733a31373a22496e736572742050726976696c65676573223b693a363b733a31323a22557064617465205573657273223b693a373b733a31383a2255706461746520557365722047726f757073223b693a383b733a31373a225570646174652050726976696c65676573223b693a393b733a31323a2244656c657465205573657273223b693a31303b733a31383a2244656c65746520557365722047726f757073223b693a31313b733a31373a2244656c6574652050726976696c65676573223b7d7d),
('8ac0ebe9c4381f91347cde7a8b74343cd1da1b7f', '::1', 1495514690, 0x5f5f63695f6c6173745f726567656e65726174657c693a313439353531343639303b666c6578695f617574687c613a373a7b733a31393a226c6f67696e5f73657373696f6e5f746f6b656e223b733a34303a2265616138363538613466656262373532383333623431323630323162393934643039316331303536223b733a32323a226c6f676765645f696e5f7669615f70617373776f7264223b623a313b733a323a226964223b733a313a2231223b733a31353a22757365725f6964656e746966696572223b733a31353a2261646d696e4061646d696e2e636f6d223b733a353a2261646d696e223b623a313b733a353a2267726f7570223b613a313a7b693a333b733a31323a224d61737465722041646d696e223b7d733a31303a2270726976696c65676573223b613a31313a7b693a313b733a31303a2256696577205573657273223b693a323b733a31363a225669657720557365722047726f757073223b693a333b733a31353a22566965772050726976696c65676573223b693a343b733a31383a22496e7365727420557365722047726f757073223b693a353b733a31373a22496e736572742050726976696c65676573223b693a363b733a31323a22557064617465205573657273223b693a373b733a31383a2255706461746520557365722047726f757073223b693a383b733a31373a225570646174652050726976696c65676573223b693a393b733a31323a2244656c657465205573657273223b693a31303b733a31383a2244656c65746520557365722047726f757073223b693a31313b733a31373a2244656c6574652050726976696c65676573223b7d7d6d6573736167657c733a32373a2250726f7065727479206164646564207375636365737366756c6c79223b5f5f63695f766172737c613a313a7b733a373a226d657373616765223b733a333a226e6577223b7d70726f70657274795f646174617c613a313a7b733a31383a2270726f70657274795f756e697175655f6e6f223b693a3636353134393736363b7d),
('96855ee12d8cca946601708e0ada9ec6273d4072', '::1', 1495447865, 0x5f5f63695f6c6173745f726567656e65726174657c693a313439353434373836353b666c6578695f617574687c613a373a7b733a31393a226c6f67696e5f73657373696f6e5f746f6b656e223b733a34303a2239666562376337353364313030393561356134373930643331343935326139636365643232396534223b733a32323a226c6f676765645f696e5f7669615f70617373776f7264223b623a313b733a323a226964223b733a313a2231223b733a31353a22757365725f6964656e746966696572223b733a31353a2261646d696e4061646d696e2e636f6d223b733a353a2261646d696e223b623a313b733a353a2267726f7570223b613a313a7b693a333b733a31323a224d61737465722041646d696e223b7d733a31303a2270726976696c65676573223b613a31313a7b693a313b733a31303a2256696577205573657273223b693a323b733a31363a225669657720557365722047726f757073223b693a333b733a31353a22566965772050726976696c65676573223b693a343b733a31383a22496e7365727420557365722047726f757073223b693a353b733a31373a22496e736572742050726976696c65676573223b693a363b733a31323a22557064617465205573657273223b693a373b733a31383a2255706461746520557365722047726f757073223b693a383b733a31373a225570646174652050726976696c65676573223b693a393b733a31323a2244656c657465205573657273223b693a31303b733a31383a2244656c65746520557365722047726f757073223b693a31313b733a31373a2244656c6574652050726976696c65676573223b7d7d70726f70657274795f646174617c613a313a7b733a31383a2270726f70657274795f756e697175655f6e6f223b693a3731363336313230323b7d),
('b298ea25b1160f8a6f2f13b801dd14220cf60b69', '::1', 1495454970, 0x5f5f63695f6c6173745f726567656e65726174657c693a313439353435343937303b666c6578695f617574687c613a373a7b733a31393a226c6f67696e5f73657373696f6e5f746f6b656e223b733a34303a2265333061373138666538656361386631303934383363623837613932636232303064363661613931223b733a32323a226c6f676765645f696e5f7669615f70617373776f7264223b623a313b733a323a226964223b733a313a2231223b733a31353a22757365725f6964656e746966696572223b733a31353a2261646d696e4061646d696e2e636f6d223b733a353a2261646d696e223b623a313b733a353a2267726f7570223b613a313a7b693a333b733a31323a224d61737465722041646d696e223b7d733a31303a2270726976696c65676573223b613a31313a7b693a313b733a31303a2256696577205573657273223b693a323b733a31363a225669657720557365722047726f757073223b693a333b733a31353a22566965772050726976696c65676573223b693a343b733a31383a22496e7365727420557365722047726f757073223b693a353b733a31373a22496e736572742050726976696c65676573223b693a363b733a31323a22557064617465205573657273223b693a373b733a31383a2255706461746520557365722047726f757073223b693a383b733a31373a225570646174652050726976696c65676573223b693a393b733a31323a2244656c657465205573657273223b693a31303b733a31383a2244656c65746520557365722047726f757073223b693a31313b733a31373a2244656c6574652050726976696c65676573223b7d7d70726f70657274795f646174617c613a313a7b733a31383a2270726f70657274795f756e697175655f6e6f223b693a3832373435393533363b7d),
('baa47b833d440d0c53114f4f0a28c10432fb4a0b', '::1', 1495453722, 0x5f5f63695f6c6173745f726567656e65726174657c693a313439353435333732323b666c6578695f617574687c613a373a7b733a31393a226c6f67696e5f73657373696f6e5f746f6b656e223b733a34303a2235393361376334323135303735323834643438376161666561356235323165336562326562313638223b733a32323a226c6f676765645f696e5f7669615f70617373776f7264223b623a313b733a323a226964223b733a313a2231223b733a31353a22757365725f6964656e746966696572223b733a31353a2261646d696e4061646d696e2e636f6d223b733a353a2261646d696e223b623a313b733a353a2267726f7570223b613a313a7b693a333b733a31323a224d61737465722041646d696e223b7d733a31303a2270726976696c65676573223b613a31313a7b693a313b733a31303a2256696577205573657273223b693a323b733a31363a225669657720557365722047726f757073223b693a333b733a31353a22566965772050726976696c65676573223b693a343b733a31383a22496e7365727420557365722047726f757073223b693a353b733a31373a22496e736572742050726976696c65676573223b693a363b733a31323a22557064617465205573657273223b693a373b733a31383a2255706461746520557365722047726f757073223b693a383b733a31373a225570646174652050726976696c65676573223b693a393b733a31323a2244656c657465205573657273223b693a31303b733a31383a2244656c65746520557365722047726f757073223b693a31313b733a31373a2244656c6574652050726976696c65676573223b7d7d),
('d385f7bd18d21a48ea5d203eb1b69a3ad21524fd', '::1', 1495454422, 0x5f5f63695f6c6173745f726567656e65726174657c693a313439353435343432323b666c6578695f617574687c613a373a7b733a31393a226c6f67696e5f73657373696f6e5f746f6b656e223b733a34303a2264373264313464323762383462363665316362373164653633666164366236306564376636363732223b733a32323a226c6f676765645f696e5f7669615f70617373776f7264223b623a313b733a323a226964223b733a313a2231223b733a31353a22757365725f6964656e746966696572223b733a31353a2261646d696e4061646d696e2e636f6d223b733a353a2261646d696e223b623a313b733a353a2267726f7570223b613a313a7b693a333b733a31323a224d61737465722041646d696e223b7d733a31303a2270726976696c65676573223b613a31313a7b693a313b733a31303a2256696577205573657273223b693a323b733a31363a225669657720557365722047726f757073223b693a333b733a31353a22566965772050726976696c65676573223b693a343b733a31383a22496e7365727420557365722047726f757073223b693a353b733a31373a22496e736572742050726976696c65676573223b693a363b733a31323a22557064617465205573657273223b693a373b733a31383a2255706461746520557365722047726f757073223b693a383b733a31373a225570646174652050726976696c65676573223b693a393b733a31323a2244656c657465205573657273223b693a31303b733a31383a2244656c65746520557365722047726f757073223b693a31313b733a31373a2244656c6574652050726976696c65676573223b7d7d),
('df3f4badadda9340548910e58e23cdb8fb3bf4f6', '::1', 1495446087, 0x5f5f63695f6c6173745f726567656e65726174657c693a313439353434363038373b666c6578695f617574687c613a373a7b733a31393a226c6f67696e5f73657373696f6e5f746f6b656e223b733a34303a2266666439623565626164313634346264393433626636396262626436313666653436373062333339223b733a32323a226c6f676765645f696e5f7669615f70617373776f7264223b623a313b733a323a226964223b733a313a2231223b733a31353a22757365725f6964656e746966696572223b733a31353a2261646d696e4061646d696e2e636f6d223b733a353a2261646d696e223b623a313b733a353a2267726f7570223b613a313a7b693a333b733a31323a224d61737465722041646d696e223b7d733a31303a2270726976696c65676573223b613a31313a7b693a313b733a31303a2256696577205573657273223b693a323b733a31363a225669657720557365722047726f757073223b693a333b733a31353a22566965772050726976696c65676573223b693a343b733a31383a22496e7365727420557365722047726f757073223b693a353b733a31373a22496e736572742050726976696c65676573223b693a363b733a31323a22557064617465205573657273223b693a373b733a31383a2255706461746520557365722047726f757073223b693a383b733a31373a225570646174652050726976696c65676573223b693a393b733a31323a2244656c657465205573657273223b693a31303b733a31383a2244656c65746520557365722047726f757073223b693a31313b733a31373a2244656c6574652050726976696c65676573223b7d7d70726f70657274795f646174617c613a313a7b733a31383a2270726f70657274795f756e697175655f6e6f223b693a323131333333323433383b7d),
('e6452d4de719fbbb2f3a4afe641887f8d1c0fe4d', '::1', 1495522237, 0x5f5f63695f6c6173745f726567656e65726174657c693a313439353532323233373b666c6578695f617574687c613a373a7b733a31393a226c6f67696e5f73657373696f6e5f746f6b656e223b733a34303a2235343535323463633465663432663139626330323932313335363062656135616337326362376635223b733a32323a226c6f676765645f696e5f7669615f70617373776f7264223b623a313b733a323a226964223b733a313a2231223b733a31353a22757365725f6964656e746966696572223b733a31353a2261646d696e4061646d696e2e636f6d223b733a353a2261646d696e223b623a313b733a353a2267726f7570223b613a313a7b693a333b733a31323a224d61737465722041646d696e223b7d733a31303a2270726976696c65676573223b613a31313a7b693a313b733a31303a2256696577205573657273223b693a323b733a31363a225669657720557365722047726f757073223b693a333b733a31353a22566965772050726976696c65676573223b693a343b733a31383a22496e7365727420557365722047726f757073223b693a353b733a31373a22496e736572742050726976696c65676573223b693a363b733a31323a22557064617465205573657273223b693a373b733a31383a2255706461746520557365722047726f757073223b693a383b733a31373a225570646174652050726976696c65676573223b693a393b733a31323a2244656c657465205573657273223b693a31303b733a31383a2244656c65746520557365722047726f757073223b693a31313b733a31373a2244656c6574652050726976696c65676573223b7d7d),
('e816308dc6b719a58ba6b39559873fe03f40a5ac', '::1', 1495445192, 0x5f5f63695f6c6173745f726567656e65726174657c693a313439353434353139323b666c6578695f617574687c613a373a7b733a31393a226c6f67696e5f73657373696f6e5f746f6b656e223b733a34303a2235356130353166646139663765363739653832346331313733386536343363663232646131333433223b733a32323a226c6f676765645f696e5f7669615f70617373776f7264223b623a313b733a323a226964223b733a313a2231223b733a31353a22757365725f6964656e746966696572223b733a31353a2261646d696e4061646d696e2e636f6d223b733a353a2261646d696e223b623a313b733a353a2267726f7570223b613a313a7b693a333b733a31323a224d61737465722041646d696e223b7d733a31303a2270726976696c65676573223b613a31313a7b693a313b733a31303a2256696577205573657273223b693a323b733a31363a225669657720557365722047726f757073223b693a333b733a31353a22566965772050726976696c65676573223b693a343b733a31383a22496e7365727420557365722047726f757073223b693a353b733a31373a22496e736572742050726976696c65676573223b693a363b733a31323a22557064617465205573657273223b693a373b733a31383a2255706461746520557365722047726f757073223b693a383b733a31373a225570646174652050726976696c65676573223b693a393b733a31323a2244656c657465205573657273223b693a31303b733a31383a2244656c65746520557365722047726f757073223b693a31313b733a31373a2244656c6574652050726976696c65676573223b7d7d70726f70657274795f646174617c613a313a7b733a31383a2270726f70657274795f756e697175655f6e6f223b693a3436383535333031333b7d),
('eaeafcee86792b06f8f242c14785b11de18b1e60', '::1', 1495452699, 0x5f5f63695f6c6173745f726567656e65726174657c693a313439353435323639393b666c6578695f617574687c613a373a7b733a31393a226c6f67696e5f73657373696f6e5f746f6b656e223b733a34303a2234323530356332656431356137396238356433343232393865336261333135373836363330343134223b733a32323a226c6f676765645f696e5f7669615f70617373776f7264223b623a313b733a323a226964223b733a313a2231223b733a31353a22757365725f6964656e746966696572223b733a31353a2261646d696e4061646d696e2e636f6d223b733a353a2261646d696e223b623a313b733a353a2267726f7570223b613a313a7b693a333b733a31323a224d61737465722041646d696e223b7d733a31303a2270726976696c65676573223b613a31313a7b693a313b733a31303a2256696577205573657273223b693a323b733a31363a225669657720557365722047726f757073223b693a333b733a31353a22566965772050726976696c65676573223b693a343b733a31383a22496e7365727420557365722047726f757073223b693a353b733a31373a22496e736572742050726976696c65676573223b693a363b733a31323a22557064617465205573657273223b693a373b733a31383a2255706461746520557365722047726f757073223b693a383b733a31373a225570646174652050726976696c65676573223b693a393b733a31323a2244656c657465205573657273223b693a31303b733a31383a2244656c65746520557365722047726f757073223b693a31313b733a31373a2244656c6574652050726976696c65676573223b7d7d70726f70657274795f646174617c613a313a7b733a31383a2270726f70657274795f756e697175655f6e6f223b693a3232353434363538343b7d),
('fb56c4ff375408a79f6dc54952fd1f8376286299', '::1', 1495447375, 0x5f5f63695f6c6173745f726567656e65726174657c693a313439353434373337353b666c6578695f617574687c613a373a7b733a31393a226c6f67696e5f73657373696f6e5f746f6b656e223b733a34303a2233326339303566353734353538363164326339373565316665643331306266626537306263306261223b733a32323a226c6f676765645f696e5f7669615f70617373776f7264223b623a313b733a323a226964223b733a313a2231223b733a31353a22757365725f6964656e746966696572223b733a31353a2261646d696e4061646d696e2e636f6d223b733a353a2261646d696e223b623a313b733a353a2267726f7570223b613a313a7b693a333b733a31323a224d61737465722041646d696e223b7d733a31303a2270726976696c65676573223b613a31313a7b693a313b733a31303a2256696577205573657273223b693a323b733a31363a225669657720557365722047726f757073223b693a333b733a31353a22566965772050726976696c65676573223b693a343b733a31383a22496e7365727420557365722047726f757073223b693a353b733a31373a22496e736572742050726976696c65676573223b693a363b733a31323a22557064617465205573657273223b693a373b733a31383a2255706461746520557365722047726f757073223b693a383b733a31373a225570646174652050726976696c65676573223b693a393b733a31323a2244656c657465205573657273223b693a31303b733a31383a2244656c65746520557365722047726f757073223b693a31313b733a31373a2244656c6574652050726976696c65676573223b7d7d6d6573736167657c733a32373a2250726f7065727479206164646564207375636365737366756c6c79223b5f5f63695f766172737c613a313a7b733a373a226d657373616765223b733a333a226e6577223b7d70726f70657274795f646174617c613a313a7b733a31383a2270726f70657274795f756e697175655f6e6f223b693a3235383032373039363b7d);

-- --------------------------------------------------------

--
-- Table structure for table `demo_user_address`
--

CREATE TABLE `demo_user_address` (
  `uadd_id` int(11) NOT NULL,
  `uadd_uacc_fk` int(11) NOT NULL DEFAULT '0',
  `uadd_alias` varchar(50) NOT NULL DEFAULT '',
  `uadd_recipient` varchar(100) NOT NULL DEFAULT '',
  `uadd_phone` varchar(25) NOT NULL DEFAULT '',
  `uadd_company` varchar(75) NOT NULL DEFAULT '',
  `uadd_address_01` varchar(100) NOT NULL DEFAULT '',
  `uadd_address_02` varchar(100) NOT NULL DEFAULT '',
  `uadd_city` varchar(50) NOT NULL DEFAULT '',
  `uadd_county` varchar(50) NOT NULL DEFAULT '',
  `uadd_post_code` varchar(25) NOT NULL DEFAULT '',
  `uadd_country` varchar(50) NOT NULL DEFAULT ''
) ENGINE=InnoDB DEFAULT CHARSET=latin1;

--
-- Dumping data for table `demo_user_address`
--

INSERT INTO `demo_user_address` (`uadd_id`, `uadd_uacc_fk`, `uadd_alias`, `uadd_recipient`, `uadd_phone`, `uadd_company`, `uadd_address_01`, `uadd_address_02`, `uadd_city`, `uadd_county`, `uadd_post_code`, `uadd_country`) VALUES
(1, 4, 'Home', 'Joe Public', '0123456789', '', '123', '', 'My City', 'My County', 'My Post Code', 'My Country'),
(2, 4, 'Work', 'Joe Public', '0123456789', 'Flexi', '321', '', 'My Work City', 'My Work County', 'My Work Post Code', 'My Work Country');

-- --------------------------------------------------------

--
-- Table structure for table `demo_user_profiles`
--

CREATE TABLE `demo_user_profiles` (
  `upro_id` int(11) NOT NULL,
  `upro_uacc_fk` int(11) NOT NULL DEFAULT '0',
  `upro_company` varchar(50) NOT NULL DEFAULT '',
  `upro_first_name` varchar(50) NOT NULL DEFAULT '',
  `upro_last_name` varchar(50) NOT NULL DEFAULT '',
  `upro_phone` varchar(25) NOT NULL DEFAULT '',
  `upro_newsletter` tinyint(1) NOT NULL DEFAULT '0'
) ENGINE=InnoDB DEFAULT CHARSET=latin1;

--
-- Dumping data for table `demo_user_profiles`
--

INSERT INTO `demo_user_profiles` (`upro_id`, `upro_uacc_fk`, `upro_company`, `upro_first_name`, `upro_last_name`, `upro_phone`, `upro_newsletter`) VALUES
(1, 1, '', 'John', 'Admin', '0123456789', 0),
(2, 2, '', 'Jim', 'Moderator', '0123465798', 0),
(3, 3, '', 'Joe', 'Public', '0123456789', 0),
(4, 4, '', 'Mehul', 'Parmar', '8797979', 0);

-- --------------------------------------------------------

--
-- Table structure for table `flat_amenities`
--

CREATE TABLE `flat_amenities` (
  `id` int(11) NOT NULL,
  `name` varchar(255) NOT NULL,
  `status` int(11) NOT NULL DEFAULT '1'
) ENGINE=InnoDB DEFAULT CHARSET=utf8;

--
-- Dumping data for table `flat_amenities`
--

INSERT INTO `flat_amenities` (`id`, `name`, `status`) VALUES
(1, 'Gas Line', 1),
(2, 'Waste Disposal', 1),
(3, 'Swimming Pool', 1),
(4, 'Fitness Centre / GYM', 1),
(5, 'Club House', 1),
(6, 'Maintenance Staff', 1),
(7, 'Intercom Facility', 1),
(8, 'Water Storage', 1);

-- --------------------------------------------------------

--
-- Table structure for table `project_amenities`
--

CREATE TABLE `project_amenities` (
  `id` int(11) NOT NULL,
  `name` varchar(255) NOT NULL,
  `status` int(1) NOT NULL DEFAULT '1'
) ENGINE=InnoDB DEFAULT CHARSET=utf8;

--
-- Dumping data for table `project_amenities`
--

INSERT INTO `project_amenities` (`id`, `name`, `status`) VALUES
(1, 'Lift', 1),
(2, 'Security', 1),
(3, 'Park', 1),
(4, 'Fire Alarm', 1),
(5, 'Internet/wi-fi connectivity', 1),
(6, 'Partial Power Backup', 1),
(7, 'Fully Power Backup', 1),
(8, 'Indoor Games', 1),
(9, 'Gymnasium', 1),
(10, 'Childrens play area ', 1),
(11, 'Senior Citizens sit outs ', 1),
(12, 'School Bus Pick up & Drop Area', 1),
(13, 'Green Spaces', 1),
(14, 'Library', 1),
(15, 'Swimming Pool', 1),
(16, 'Meditation & Yoga Center', 1),
(17, 'Power Backup', 1),
(18, 'Water Supply', 1),
(19, 'Car Parking', 1);

-- --------------------------------------------------------

--
-- Table structure for table `properties`
--

CREATE TABLE `properties` (
  `id` int(11) NOT NULL,
  `added_by` int(11) NOT NULL,
  `added_as` varchar(255) NOT NULL,
  `property_type` varchar(255) NOT NULL,
  `property_type_name` varchar(255) NOT NULL,
  `multiple_property_units` int(1) NOT NULL,
  `no_of_units` int(11) NOT NULL,
  `rent_family` int(11) NOT NULL DEFAULT '0',
  `rent_single_men` int(11) NOT NULL DEFAULT '0',
  `rent_single_women` int(11) NOT NULL DEFAULT '0',
  `property_for` varchar(255) NOT NULL,
  `project_name` varchar(255) NOT NULL,
  `property_location` varchar(255) NOT NULL,
  `property_address` varchar(500) NOT NULL,
  `property_neardesc` varchar(500) DEFAULT NULL,
  `property_image` varchar(255) DEFAULT NULL,
  `area_name` varchar(255) DEFAULT NULL,
  `city_name` varchar(255) DEFAULT NULL,
  `property_zone` int(11) DEFAULT NULL,
  `property_configuration` varchar(255) NOT NULL,
  `plot_area` int(11) NOT NULL,
  `plot_area_unit` int(11) NOT NULL,
  `build_up_area` int(11) NOT NULL,
  `build_up_area_unit` int(11) NOT NULL,
  `carpet_area` int(11) NOT NULL,
  `carpet_area_unit` int(11) NOT NULL,
  `total_floor` int(11) NOT NULL,
  `property_on_floor` varchar(255) DEFAULT NULL,
  `bedrooms` int(11) DEFAULT NULL,
  `bathrooms` int(11) DEFAULT NULL,
  `balconies` int(11) DEFAULT NULL,
  `pooja_room` int(1) NOT NULL DEFAULT '0',
  `servent_room` int(1) NOT NULL DEFAULT '0',
  `study_room` int(1) NOT NULL DEFAULT '0',
  `store_room` int(1) NOT NULL DEFAULT '0',
  `other_room` int(1) NOT NULL DEFAULT '0',
  `no_parking` int(1) NOT NULL DEFAULT '0',
  `covered_parking` int(11) NOT NULL DEFAULT '0',
  `open_parking` int(11) NOT NULL DEFAULT '0',
  `covered_parking_count` int(11) NOT NULL DEFAULT '0',
  `open_parking_count` int(11) NOT NULL DEFAULT '0',
  `price` varchar(255) DEFAULT NULL,
  `expected_price_type` varchar(255) DEFAULT NULL,
  `maintenance_amount` decimal(10,2) NOT NULL,
  `maintenance_type` varchar(255) NOT NULL,
  `security_deposit_amount` decimal(10,2) DEFAULT NULL,
  `security_deposit_type` varchar(255) DEFAULT NULL,
  `availability` varchar(255) NOT NULL,
  `available_from` date DEFAULT NULL,
  `furnishing` varchar(255) NOT NULL,
  `booking_amount` decimal(10,2) NOT NULL,
  `property_age` varchar(255) NOT NULL,
  `price_per_sqft` varchar(255) DEFAULT NULL,
  `project_amenities` varchar(255) DEFAULT NULL,
  `flat_amenities` varchar(255) NOT NULL,
  `property_description` text NOT NULL,
  `bank_name` varchar(255) DEFAULT NULL,
  `bank_interest` varchar(255) DEFAULT NULL,
  `builder_name` varchar(255) DEFAULT NULL,
  `builder_company_name` varchar(255) DEFAULT NULL,
  `builder_contact_no` varchar(255) DEFAULT NULL,
  `total_projects` varchar(255) DEFAULT NULL,
  `establishment_year` varchar(255) DEFAULT NULL,
  `builder_description` text,
  `builder_image` varchar(255) DEFAULT NULL,
  `builder_email` varchar(255) DEFAULT NULL,
  `created_date` timestamp NOT NULL DEFAULT CURRENT_TIMESTAMP,
  `modified_date` datetime DEFAULT NULL,
  `status` int(11) NOT NULL DEFAULT '1'
) ENGINE=InnoDB DEFAULT CHARSET=utf8;

--
-- Dumping data for table `properties`
--

INSERT INTO `properties` (`id`, `added_by`, `added_as`, `property_type`, `property_type_name`, `multiple_property_units`, `no_of_units`, `rent_family`, `rent_single_men`, `rent_single_women`, `property_for`, `project_name`, `property_location`, `property_address`, `property_neardesc`, `property_image`, `area_name`, `city_name`, `property_zone`, `property_configuration`, `plot_area`, `plot_area_unit`, `build_up_area`, `build_up_area_unit`, `carpet_area`, `carpet_area_unit`, `total_floor`, `property_on_floor`, `bedrooms`, `bathrooms`, `balconies`, `pooja_room`, `servent_room`, `study_room`, `store_room`, `other_room`, `no_parking`, `covered_parking`, `open_parking`, `covered_parking_count`, `open_parking_count`, `price`, `expected_price_type`, `maintenance_amount`, `maintenance_type`, `security_deposit_amount`, `security_deposit_type`, `availability`, `available_from`, `furnishing`, `booking_amount`, `property_age`, `price_per_sqft`, `project_amenities`, `flat_amenities`, `property_description`, `bank_name`, `bank_interest`, `builder_name`, `builder_company_name`, `builder_contact_no`, `total_projects`, `establishment_year`, `builder_description`, `builder_image`, `builder_email`, `created_date`, `modified_date`, `status`) VALUES
(1, 1, 'owner', 'Rent/Lease', 'Commercial Showroom', 0, 0, 0, 0, 0, '', 'Shalin Heights', 'Ahmedabad, Gujarat 380008, India', 'Anandnagar Road,Prahaladnagar Garder, 132 Ft Ring Road,Satalite', 'This is location near satelite location which is known for its commercial residance', 'd8c392130ada58b125bca03598e041b2.jpg', 'Satelite', 'Ahmedabad', 1, 'Other', 14500, 2, 1200, 4, 500, 1, 10, NULL, 2, 1, 4, 1, 1, 1, 1, 1, 0, 1, 0, 2, 1, '23.50', 'Lacks', '1200.00', 'Monthly', NULL, NULL, 'Under Construction', '2017-05-26', 'Furnished', '0.00', '0-1 year old property', '9999', '1,2,3,4,5,6,7', '2,4,6,7,8', 'This is descriptiom for project. This is descriptiom for project. This is descriptiom for project. This is descriptiom for project. This is descriptiom for project. This is descriptiom for project. This is descriptiom for project. ', 'City Union Bank', '3', 'ABD Company', 'abcd kumaasfklasnf', '8797987', '15', '2015', 'this is descriptionthis is descriptionthis is descriptionthis is descriptionthis is descriptionthis is description', '37baf877668cc88ad76f5ecb784dc966.jpg', 'abc@gmail.com', '2017-05-17 08:46:38', '0000-00-00 00:00:00', 0),
(2, 1, 'owner', 'Sell', 'Residential Apartment', 0, 0, 0, 0, 0, '', 'asfasf', 'Ahmedabad, Gujarat 380008, India', 'asfaf', 'asfa', 'f7e9244f1806a6026dc6291651aa93ec.jpg', 'asfaf', 'asf', 1, '2 BHK', 0, 0, 0, 0, 0, 0, 0, NULL, 1, 4, 1, 0, 0, 0, 0, 0, 0, 0, 0, 1, 1, '9999.00', 'Thausand', '0.00', 'Monthly', NULL, NULL, 'Under Construction', NULL, 'Furnished', '0.00', '0-1 year old property', '124', '3,5,7', '1,3,5,7', 'asfasfsa', 'Bank of Maharashtra', '2.5', 'Builder Sample Name', 'Builder Company Name', NULL, NULL, NULL, NULL, NULL, NULL, '2017-05-18 06:36:04', NULL, 0),
(3, 1, 'owner', 'Sell', 'Residential Apartment', 0, 0, 0, 0, 0, '', 'Sweet Home', 'Ahmedabad, Gujarat 380008, India', 'Satelite Road,Prahladnagar', 'this is descriptionthis is descriptionthis is descriptionthis is descriptionthis is descriptionthis is descriptionthis is descriptionthis is description', '85499b4d6aa9ca60e77b4ba15a5fcd1c.jpg', 'Satelite', 'Ahmedabad', 1, '2 BHK', 1200, 1, 1300, 1, 1400, 1, 0, NULL, 2, 1, 3, 0, 1, 0, 1, 1, 0, 1, 0, 2, 1, '1256000.00', 'Thausand', '100.00', 'Monthly', NULL, NULL, 'Under Construction', NULL, 'Furnished', '0.00', '0-1 year old property', '1200', '1,2,3,4,5,6', '1,3,5,7', 'this is descriptionthis is descriptionthis is descriptionthis is descriptionthis is descriptionthis is descriptionthis is descriptionthis is descriptionthis is descriptionthis is description', 'Bank of Baroda - Corporate Banking', '3', 'Builder Sample Name', 'abcd kumaasfklasnf', NULL, NULL, NULL, NULL, NULL, NULL, '2017-05-18 11:12:58', NULL, 0),
(5, 1, 'owner', 'Sell', 'Guest House / Banquet-halls', 0, 0, 0, 0, 0, '', 'Test 1', 'Ahmedabad, Gujarat 380008, India', 'Test 3', 'Test 6', '4fcdf45a69f9676f4d0ce276be51ed6e.jpg', 'Test 4', 'Test 5', 1, '3 BHK', 1222, 1, 10, 1, 210, 1, 0, NULL, 1, 4, 1, 0, 1, 0, 1, 1, 0, 1, 0, 3, 1, '520000.00', 'Thausand', '0.00', 'Monthly', NULL, NULL, 'Under Construction', NULL, 'Furnished', '0.00', '0-1 year old property', '100', '1,2,3,4,5,6,7', '1,2,3,5,6,7', 'SDDSGDSSDSDGSDG', 'Bank of Maharashtra', '3.2', 'Builder Sample Name', 'Builder Company Name', NULL, NULL, NULL, NULL, NULL, NULL, '2017-05-22 06:49:02', NULL, 0),
(6, 1, 'owner', 'Sell', 'Commercial Showroom', 0, 0, 0, 0, 0, '', 'ASF', 'Ahmedabad, Gujarat 380008, India', 'ASF', 'sadfg', 'ab21a1e3e2a865e7bd77e2d9689161e9.jpg', 'asf', 'asfq', 1, '2 BHK', 0, 0, 0, 0, 0, 0, 0, NULL, 1, 4, 1, 0, 0, 0, 0, 0, 0, 0, 0, 1, 1, '1234500.00', 'Thausand', '0.00', 'Monthly', NULL, NULL, 'Under Construction', NULL, 'Furnished', '0.00', '0-1 year old property', '12', '1,3,5,7', '1,3,5,7', 'asfsafasfasfas', 'Allahabad Bank', '3', 'Builder Sample Name', 'Builder Company Name', NULL, NULL, NULL, NULL, NULL, NULL, '2017-05-22 06:50:08', NULL, 0),
(7, 1, 'owner', 'Sell', 'Hotel / Resorts', 1, 12, 0, 0, 0, '', 'rtessfg', 'Ahmedabad, Gujarat 380008, India', 'sdgasdf', 'sdgsadsdfgsdg', '29fa5f496d7b010967a0d7a3aa3d071f.jpg', 'sdgfsafg', 'sdgsdg', 1, '2 BHK', 0, 0, 0, 0, 0, 0, 0, NULL, 1, 1, 1, 1, 0, 1, 0, 0, 0, 1, 0, 2, 1, '25.00', 'Lacks', '130.00', 'Monthly', NULL, NULL, 'Under Construction', NULL, 'Furnished', '0.00', '0-1 year old property', '120', '1,3,4,5,6,7', '1,2,3,4,5,6,7,8', 'this is descriptionthis is descriptionthis is descriptionthis is descriptionthis is description', 'Canara Bank', '2.5', 'Builder Sample Name', 'Builder Company Name', NULL, NULL, NULL, NULL, NULL, NULL, '2017-05-22 06:56:29', NULL, 0),
(9, 1, 'owner', 'Sell', 'Space in Mall', 0, 0, 0, 0, 0, '', 'Gujarat Housing Board', 'Ahmedabad, Gujarat 380008, India', 'Satelite Road,Prahladnagar', 'this is near by descriptionthis is near by descriptionthis is near by descriptionthis is near by descriptionthis is near by descriptionthis is near by descriptionthis is near by descriptionthis is near by descriptionthis is near by descriptionthis is near by description', '4c7711516f67953e1495b25a9c45eeb6.jpg', 'Satelite', 'Ahmedabad', 1, '3 BHK', 1500, 1, 1400, 1, 1300, 1, 0, NULL, 1, 1, 1, 1, 0, 0, 0, 0, 0, 0, 0, 0, 0, '1200.00', NULL, '0.00', 'Monthly', NULL, NULL, 'Under Construction', NULL, 'Furnished', '0.00', '0-1 year old property', '1200', '1,3,4,6', '1,3,6,8', 'asfsafasfasfsaf', 'Allahabad Bank', '3.5', 'asfsaf', 'asfasfasfsaf', NULL, NULL, NULL, NULL, NULL, NULL, '2017-05-22 12:01:56', NULL, 1),
(10, 1, 'owner', 'Rent/Lease', 'Residential Apartment', 0, 0, 0, 0, 0, '', 'asf', 'Ahmedabad, Gujarat 380008, India', 'asf', 'adf', '366e16ab5eb03e9d76e3a215390b8c2a.jpg', 'asf', 'Ahmedabad', 1, '2 BHK', 15000, 1, 0, 0, 0, 0, 0, NULL, 1, 1, 1, 0, 1, 1, 1, 0, 1, 0, 0, 0, 0, '1000.00', NULL, '3000.00', 'Monthly', '1500.00', 'Fixed', 'Ready to Move', '2017-05-04', 'Furnished', '4000.00', '0-1 year old property', '2000', '1,3,5,7,9,11,13', '1,3,5', 'asfasfasfasf', 'Dhanlaxmi Bank', '2', 'Rahul Parmar Bilder', 'Fakira Builders', '7878798798,654654654', '20', '1995', 'This is builders sample description test', '8622f79e2c84e07e33380a2c5b28065e.jpg', 'ask@realgujarat.com', '2017-05-24 09:18:50', NULL, 1),
(11, 1, 'owner', 'Sell', 'Residential Apartment', 0, 0, 0, 0, 0, '', 'sample', 'Ahmedabad, Gujarat 380008, India', '1, Prernatirth Derasar Rd, Kalpesh Rang Upvan Society, Mahavir Nagar, Meldinagar, Vejalpur, Ahmedabad, Gujarat 380051, India', 'Tthis is bnear bny area deasc', 'fbec2a9368cc346c50e62a7bed3a465f.jpg', 'fasfa', 'Ahmedabad', 1, '2 BHK', 0, 0, 0, 0, 0, 0, 0, NULL, 1, 4, 1, 0, 0, 0, 0, 0, 0, 0, 0, 0, 0, '15000000.00', NULL, '0.00', 'Monthly', NULL, NULL, 'Under Construction', NULL, 'Furnished', '100.00', '0-1 year old property', '120', '1,3,5,7,9', '1,2,3,4,5,6,7', 'Yhis is asfkjb', NULL, NULL, 'Builder Sample Name', 'Builder Company Name', '8797987234', '15', '2017', 'asfasfsafasf', 'defab4cc8fc5efd4f3d5fc8eb59a2087.jpg', 'abc@gmail.com', '2017-05-27 09:08:27', NULL, 1),
(12, 1, 'owner', 'Sell', 'Studio Apartment', 0, 0, 0, 0, 0, '', 'Test Sample', 'Ahmedabad, Gujarat 380008, India', 'sf', 'asfasf', 'd1a9a1f4b5d15fa701a614ba2ed3b107.jpg', 'dv', 'd', 1, '2 BHK', 0, 0, 0, 0, 0, 0, 0, NULL, 1, 1, 1, 0, 0, 0, 0, 0, 0, 0, 0, 0, 0, '12.00', 'Lacks', '0.00', '', NULL, NULL, 'Under Construction', NULL, 'Furnished', '0.00', '0-1 year old property', '111', '1,3,5,7,11,15', '3,5,7', 'asf', NULL, NULL, 'asf', 'd', '8978979', 'sfasf', 'sdgsdfg', 'sdgsdgds', NULL, 'sdgsdgsd', '2017-05-27 12:04:36', NULL, 1);

-- --------------------------------------------------------

--
-- Table structure for table `property_images`
--

CREATE TABLE `property_images` (
  `id` int(11) NOT NULL,
  `property_id` int(11) NOT NULL,
  `property_unique_no` int(11) NOT NULL,
  `image` varchar(500) NOT NULL,
  `created_date` timestamp NOT NULL DEFAULT CURRENT_TIMESTAMP,
  `status` int(1) NOT NULL DEFAULT '1'
) ENGINE=InnoDB DEFAULT CHARSET=utf8 ROW_FORMAT=COMPACT;

--
-- Dumping data for table `property_images`
--

INSERT INTO `property_images` (`id`, `property_id`, `property_unique_no`, `image`, `created_date`, `status`) VALUES
(1, 1, 1180131351, '10e8616be751e5f1ad718f6a72fc325c.jpg', '2017-05-17 08:46:11', 1),
(2, 1, 1180131351, '236b60acbb9889ab007a0275e3becd5a.jpg', '2017-05-17 08:46:11', 1),
(3, 1, 1180131351, '6ed49bd45627fae29ad3a450a918c51e.jpg', '2017-05-17 08:46:11', 1),
(4, 1, 1180131351, 'e1968b398fae9d02ed413f1691b6eb43.jpg', '2017-05-17 08:46:11', 1),
(5, 0, 1245007346, 'f8dec577649f306f76062eb554e486df.jpg', '2017-05-18 08:53:51', 1),
(6, 0, 1544997796, '45302c14bcf7f45dfc1559fc0408b2e9.jpg', '2017-05-18 09:58:35', 1),
(7, 0, 1544997796, '22fd9f4dd7cd926cbb354efadd501c51.jpg', '2017-05-18 09:58:35', 1),
(8, 0, 1544997796, '30b3ab859bb624aa425af9d956275440.jpg', '2017-05-18 09:58:35', 1),
(9, 3, 1179726863, '91f0fc0bbd57da55c9755089fbcb90d9.jpg', '2017-05-18 11:12:25', 1),
(10, 3, 1179726863, '205bcf432f05f3da0c4bb41d10e6545a.jpg', '2017-05-18 11:12:25', 1),
(12, 0, 1206121889, 'f53abba8153e1d554e56924c7e908287.png', '2017-05-19 10:11:48', 1),
(13, 0, 331248531, 'cec03d0f82bf7621a9df22fb279b818b.png', '2017-05-19 10:14:11', 1),
(14, 0, 875941328, 'f1f0ab07033ed19b44a226664549ac40.png', '2017-05-19 10:18:23', 1),
(15, 0, 681811869, 'd74cb54dda50971e407e80191c55fb37.png', '2017-05-19 10:21:56', 1),
(16, 0, 2033898366, '17c6fe289db8749cd17af64d189f538b.png', '2017-05-19 10:22:52', 1),
(17, 0, 175751360, '7af2b8e846574a8a2eba86436d6bd28d.png', '2017-05-19 10:25:02', 1),
(18, 0, 1214829842, '4215825390c20cc3b2ad59cc16742d5d.png', '2017-05-19 10:26:09', 1),
(19, 0, 1214829842, 'ed07aeecb66db71f8731334e8c699417.png', '2017-05-19 10:26:18', 1),
(20, 0, 1214829842, '3670b28c0733b1399c2896ef818ba6e8.png', '2017-05-19 10:26:25', 1),
(21, 0, 1214829842, '79016cdcec3205927c93ba6740235a62.png', '2017-05-19 10:26:42', 1),
(22, 0, 1641473836, 'a7fac3dbfa00eda3aed1753af30f1285.jpg', '2017-05-22 06:47:28', 1),
(23, 5, 915260264, 'e87b14915c57653c8ca59a4c02d76dce.jpg', '2017-05-22 06:48:52', 1),
(25, 7, 1595701532, '34701a0d0d2d59d450bd28e5c74936cc.jpg', '2017-05-22 06:56:20', 1),
(26, 0, 2011091777, '7d5edb9ca2b7256b68bef8cfb33cd9f8.jpg', '2017-05-22 09:50:47', 1),
(27, 0, 1070485204, '2999dfeeec45725c13edf261aa680293.jpg', '2017-05-22 10:30:35', 1),
(28, 4, 1559652213, '0076f6c675d08436b1b428baa0db342c.jpg', '2017-05-22 12:01:49', 1),
(29, 4, 1311117480, 'f5db7aaf238a9eaeca339efe207f385e.jpg', '2017-05-22 12:02:32', 1),
(35, 6, 54460693, '07a3e7e18b6c2ec619d40e7f327a4b4b.jpg', '2017-05-27 04:35:10', 1),
(36, 10, 295697913, '534d730f9bb58147953fae266756d03f.jpg', '2017-05-27 05:37:38', 1),
(37, 10, 295697913, '6abc16eb0484cb30f05f671bf213ad08.jpg', '2017-05-27 05:37:38', 1),
(38, 11, 405987008, '0715406b0567c997af76e507cf3c5cbd.jpg', '2017-05-27 09:07:50', 1),
(39, 11, 405987008, 'ff501588803c8717b793bf809946d83f.jpg', '2017-05-27 09:07:50', 1),
(40, 12, 1823877585, '15aa7b36898358b6c81890d1075af278.jpg', '2017-05-27 12:04:22', 1),
(41, 12, 1823877585, '4948efb8b1929c88555fba5e02f1a46b.jpg', '2017-05-27 12:04:22', 1),
(42, 12, 1823877585, 'a3f910e34b5878c5f310b8e36b2ae862.jpg', '2017-05-27 12:04:22', 1);

-- --------------------------------------------------------

--
-- Table structure for table `property_nearby`
--

CREATE TABLE `property_nearby` (
  `id` int(11) NOT NULL,
  `property_id` int(11) NOT NULL,
  `property_unique_no` int(11) NOT NULL,
  `image` varchar(500) NOT NULL,
  `created_date` timestamp NOT NULL DEFAULT CURRENT_TIMESTAMP,
  `status` int(1) NOT NULL DEFAULT '1'
) ENGINE=InnoDB DEFAULT CHARSET=utf8;

--
-- Dumping data for table `property_nearby`
--

INSERT INTO `property_nearby` (`id`, `property_id`, `property_unique_no`, `image`, `created_date`, `status`) VALUES
(1, 1, 1180131351, '7162e7aedea35f81851a02bfe194b0c5.jpg', '2017-05-17 08:46:14', 1),
(2, 1, 1180131351, 'f13f03d986435eb5b3309c5cc5747022.jpg', '2017-05-17 08:46:14', 1),
(3, 1, 1180131351, '20bb1266b17f5b4f39da9e98d70e4ff9.jpg', '2017-05-17 08:46:15', 1),
(4, 1, 1180131351, 'ca186c27ec618a79440672d4aab3a250.jpg', '2017-05-17 08:46:15', 1),
(10, 3, 1179726863, 'fff2615219786fec42a140b3fda86efa.jpg', '2017-05-18 11:12:30', 1),
(13, 4, 875941328, 'dbf5381183351ce8cc2f1fcdeb2c1bdd.png', '2017-05-19 10:18:17', 1),
(14, 4, 2065172498, 'b316cf08b9293aff6bd84f0786129808.png', '2017-05-19 10:19:43', 1),
(15, 4, 681811869, '2752f679d934f4412a7687e9bbbbc8ff.png', '2017-05-19 10:22:02', 1);

-- --------------------------------------------------------

--
-- Table structure for table `property_videos`
--

CREATE TABLE `property_videos` (
  `id` int(11) NOT NULL,
  `property_id` int(11) NOT NULL,
  `property_unique_no` int(11) NOT NULL,
  `video` varchar(500) NOT NULL,
  `created_date` timestamp NOT NULL DEFAULT CURRENT_TIMESTAMP,
  `status` int(11) NOT NULL DEFAULT '1'
) ENGINE=InnoDB DEFAULT CHARSET=utf8;

--
-- Dumping data for table `property_videos`
--

INSERT INTO `property_videos` (`id`, `property_id`, `property_unique_no`, `video`, `created_date`, `status`) VALUES
(1, 4, 307737174, '538d858264b7e7aafccdecef19d6c5df.mp4', '2017-05-23 04:32:01', 1),
(3, 4, 1133915452, '4d5a0ce023bf02e381356e32dd542420.mp4', '2017-05-23 05:01:07', 1);

-- --------------------------------------------------------

--
-- Table structure for table `units`
--

CREATE TABLE `units` (
  `id` int(11) NOT NULL,
  `name` varchar(255) NOT NULL,
  `short_name` varchar(255) NOT NULL,
  `description` varchar(255) NOT NULL
) ENGINE=InnoDB DEFAULT CHARSET=utf8;

--
-- Dumping data for table `units`
--

INSERT INTO `units` (`id`, `name`, `short_name`, `description`) VALUES
(1, 'Squre Feet', 'Sq.Ft.', ''),
(2, 'Squre Yards', 'Sq. Yards', ''),
(3, '', 'Sq. Meter', ''),
(4, '', 'Acres', ''),
(5, '', 'Marla', ''),
(6, '', 'Cents', ''),
(7, '', 'Bigha', ''),
(8, '', 'Kottah', ''),
(9, '', 'Kanal', ''),
(10, '', 'Grounds', ''),
(11, '', 'Ares', ''),
(12, '', 'Biswa', ''),
(13, '', 'Guntha', ''),
(14, '', 'Hectares', '');

-- --------------------------------------------------------

--
-- Table structure for table `user_accounts`
--

CREATE TABLE `user_accounts` (
  `uacc_id` int(11) UNSIGNED NOT NULL,
  `uacc_group_fk` smallint(5) UNSIGNED NOT NULL DEFAULT '0',
  `uacc_email` varchar(100) NOT NULL DEFAULT '',
  `uacc_username` varchar(15) NOT NULL DEFAULT '',
  `uacc_password` varchar(60) NOT NULL DEFAULT '',
  `contact_no` text,
  `website` varchar(255) DEFAULT NULL,
  `uacc_ip_address` varchar(40) NOT NULL DEFAULT '',
  `uacc_salt` varchar(40) NOT NULL DEFAULT '',
  `uacc_activation_token` varchar(40) NOT NULL DEFAULT '',
  `uacc_forgotten_password_token` varchar(40) NOT NULL DEFAULT '',
  `uacc_forgotten_password_expire` datetime NOT NULL DEFAULT '0000-00-00 00:00:00',
  `uacc_update_email_token` varchar(40) NOT NULL DEFAULT '',
  `uacc_update_email` varchar(100) NOT NULL DEFAULT '',
  `uacc_active` tinyint(1) UNSIGNED NOT NULL DEFAULT '0',
  `uacc_suspend` tinyint(1) UNSIGNED NOT NULL DEFAULT '0',
  `uacc_fail_login_attempts` smallint(5) NOT NULL DEFAULT '0',
  `uacc_fail_login_ip_address` varchar(40) NOT NULL DEFAULT '',
  `uacc_date_fail_login_ban` datetime NOT NULL DEFAULT '0000-00-00 00:00:00' COMMENT 'Time user is banned until due to repeated failed logins',
  `uacc_date_last_login` datetime NOT NULL DEFAULT '0000-00-00 00:00:00',
  `uacc_date_added` datetime NOT NULL DEFAULT '0000-00-00 00:00:00'
) ENGINE=InnoDB DEFAULT CHARSET=latin1;

--
-- Dumping data for table `user_accounts`
--

INSERT INTO `user_accounts` (`uacc_id`, `uacc_group_fk`, `uacc_email`, `uacc_username`, `uacc_password`, `contact_no`, `website`, `uacc_ip_address`, `uacc_salt`, `uacc_activation_token`, `uacc_forgotten_password_token`, `uacc_forgotten_password_expire`, `uacc_update_email_token`, `uacc_update_email`, `uacc_active`, `uacc_suspend`, `uacc_fail_login_attempts`, `uacc_fail_login_ip_address`, `uacc_date_fail_login_ban`, `uacc_date_last_login`, `uacc_date_added`) VALUES
(1, 3, 'admin@admin.com', 'admin', '$2a$08$lSOQGNqwBFUEDTxm2Y.hb.mfPEAt/iiGY9kJsZsd4ekLJXLD.tCrq', 'Company Name Abc', 'www.website.com', '::1', 'XKVT29q2Jr', '', '', '0000-00-00 00:00:00', '', '', 1, 0, 0, '', '0000-00-00 00:00:00', '2017-05-31 07:52:19', '2011-01-01 00:00:00'),
(2, 2, 'user@realgujarat.com', 'user', '$2a$08$q.0ZhovC5ZkVpkBLJ.Mz.O4VjWsKohYckJNx4KM40MXdP/zEZpwcm', NULL, NULL, '::1', 'ZC38NNBPjF', '', '', '0000-00-00 00:00:00', '', '', 1, 0, 0, '', '0000-00-00 00:00:00', '2017-05-24 07:22:45', '2011-08-04 16:49:07');

-- --------------------------------------------------------

--
-- Table structure for table `user_groups`
--

CREATE TABLE `user_groups` (
  `ugrp_id` smallint(5) NOT NULL,
  `ugrp_name` varchar(20) NOT NULL DEFAULT '',
  `ugrp_desc` varchar(100) NOT NULL DEFAULT '',
  `ugrp_admin` tinyint(1) NOT NULL DEFAULT '0'
) ENGINE=InnoDB DEFAULT CHARSET=latin1;

--
-- Dumping data for table `user_groups`
--

INSERT INTO `user_groups` (`ugrp_id`, `ugrp_name`, `ugrp_desc`, `ugrp_admin`) VALUES
(1, 'Public', 'Public User : has no admin access rights.', 0),
(2, 'Moderator', 'Admin Moderator : has partial admin access rights.', 1),
(3, 'Master Admin', 'Master Admin : has full admin access rights.', 1);

-- --------------------------------------------------------

--
-- Table structure for table `user_login_sessions`
--

CREATE TABLE `user_login_sessions` (
  `usess_uacc_fk` int(11) NOT NULL DEFAULT '0',
  `usess_series` varchar(40) NOT NULL DEFAULT '',
  `usess_token` varchar(40) NOT NULL DEFAULT '',
  `usess_login_date` datetime NOT NULL DEFAULT '0000-00-00 00:00:00'
) ENGINE=InnoDB DEFAULT CHARSET=latin1;

-- --------------------------------------------------------

--
-- Table structure for table `user_privileges`
--

CREATE TABLE `user_privileges` (
  `upriv_id` smallint(5) NOT NULL,
  `upriv_name` varchar(20) NOT NULL DEFAULT '',
  `upriv_desc` varchar(100) NOT NULL DEFAULT ''
) ENGINE=InnoDB DEFAULT CHARSET=latin1;

--
-- Dumping data for table `user_privileges`
--

INSERT INTO `user_privileges` (`upriv_id`, `upriv_name`, `upriv_desc`) VALUES
(1, 'View Users', 'User can view user account details.'),
(2, 'View User Groups', 'User can view user groups.'),
(3, 'View Privileges', 'User can view privileges.'),
(4, 'Insert User Groups', 'User can insert new user groups.'),
(5, 'Insert Privileges', 'User can insert privileges.'),
(6, 'Update Users', 'User can update user account details.'),
(7, 'Update User Groups', 'User can update user groups.'),
(8, 'Update Privileges', 'User can update user privileges.'),
(9, 'Delete Users', 'User can delete user accounts.'),
(10, 'Delete User Groups', 'User can delete user groups.'),
(11, 'Delete Privileges', 'User can delete user privileges.');

-- --------------------------------------------------------

--
-- Table structure for table `user_privilege_groups`
--

CREATE TABLE `user_privilege_groups` (
  `upriv_groups_id` smallint(5) UNSIGNED NOT NULL,
  `upriv_groups_ugrp_fk` smallint(5) UNSIGNED NOT NULL DEFAULT '0',
  `upriv_groups_upriv_fk` smallint(5) UNSIGNED NOT NULL DEFAULT '0'
) ENGINE=InnoDB DEFAULT CHARSET=latin1;

--
-- Dumping data for table `user_privilege_groups`
--

INSERT INTO `user_privilege_groups` (`upriv_groups_id`, `upriv_groups_ugrp_fk`, `upriv_groups_upriv_fk`) VALUES
(1, 3, 1),
(3, 3, 3),
(4, 3, 4),
(5, 3, 5),
(6, 3, 6),
(7, 3, 7),
(8, 3, 8),
(9, 3, 9),
(10, 3, 10),
(11, 3, 11),
(12, 2, 2),
(13, 2, 4),
(14, 2, 5),
(15, 2, 8);

-- --------------------------------------------------------

--
-- Table structure for table `user_privilege_users`
--

CREATE TABLE `user_privilege_users` (
  `upriv_users_id` smallint(5) NOT NULL,
  `upriv_users_uacc_fk` int(11) NOT NULL DEFAULT '0',
  `upriv_users_upriv_fk` smallint(5) NOT NULL DEFAULT '0'
) ENGINE=InnoDB DEFAULT CHARSET=latin1;

--
-- Dumping data for table `user_privilege_users`
--

INSERT INTO `user_privilege_users` (`upriv_users_id`, `upriv_users_uacc_fk`, `upriv_users_upriv_fk`) VALUES
(1, 1, 1),
(2, 1, 2),
(3, 1, 3),
(4, 1, 4),
(5, 1, 5),
(6, 1, 6),
(7, 1, 7),
(8, 1, 8),
(9, 1, 9),
(10, 1, 10),
(11, 1, 11),
(12, 2, 1),
(13, 2, 2),
(14, 2, 3),
(15, 2, 6),
(16, 2, 11),
(17, 2, 8);

--
-- Indexes for dumped tables
--

--
-- Indexes for table `advertizement`
--
ALTER TABLE `advertizement`
  ADD PRIMARY KEY (`id`);

--
-- Indexes for table `banks`
--
ALTER TABLE `banks`
  ADD PRIMARY KEY (`id`);

--
-- Indexes for table `bank_offers`
--
ALTER TABLE `bank_offers`
  ADD PRIMARY KEY (`id`);

--
-- Indexes for table `cities`
--
ALTER TABLE `cities`
  ADD PRIMARY KEY (`id`);

--
-- Indexes for table `city_area`
--
ALTER TABLE `city_area`
  ADD PRIMARY KEY (`id`);

--
-- Indexes for table `ci_sessions`
--
ALTER TABLE `ci_sessions`
  ADD PRIMARY KEY (`id`),
  ADD KEY `ci_sessions_timestamp` (`timestamp`);

--
-- Indexes for table `demo_user_address`
--
ALTER TABLE `demo_user_address`
  ADD PRIMARY KEY (`uadd_id`),
  ADD UNIQUE KEY `uadd_id` (`uadd_id`),
  ADD KEY `uadd_uacc_fk` (`uadd_uacc_fk`);

--
-- Indexes for table `demo_user_profiles`
--
ALTER TABLE `demo_user_profiles`
  ADD PRIMARY KEY (`upro_id`),
  ADD UNIQUE KEY `upro_id` (`upro_id`),
  ADD KEY `upro_uacc_fk` (`upro_uacc_fk`) USING BTREE;

--
-- Indexes for table `flat_amenities`
--
ALTER TABLE `flat_amenities`
  ADD PRIMARY KEY (`id`);

--
-- Indexes for table `project_amenities`
--
ALTER TABLE `project_amenities`
  ADD PRIMARY KEY (`id`);

--
-- Indexes for table `properties`
--
ALTER TABLE `properties`
  ADD PRIMARY KEY (`id`);

--
-- Indexes for table `property_images`
--
ALTER TABLE `property_images`
  ADD PRIMARY KEY (`id`);

--
-- Indexes for table `property_nearby`
--
ALTER TABLE `property_nearby`
  ADD PRIMARY KEY (`id`);

--
-- Indexes for table `property_videos`
--
ALTER TABLE `property_videos`
  ADD PRIMARY KEY (`id`);

--
-- Indexes for table `units`
--
ALTER TABLE `units`
  ADD PRIMARY KEY (`id`);

--
-- Indexes for table `user_accounts`
--
ALTER TABLE `user_accounts`
  ADD PRIMARY KEY (`uacc_id`),
  ADD UNIQUE KEY `uacc_id` (`uacc_id`),
  ADD KEY `uacc_group_fk` (`uacc_group_fk`),
  ADD KEY `uacc_email` (`uacc_email`),
  ADD KEY `uacc_username` (`uacc_username`),
  ADD KEY `uacc_fail_login_ip_address` (`uacc_fail_login_ip_address`);

--
-- Indexes for table `user_groups`
--
ALTER TABLE `user_groups`
  ADD PRIMARY KEY (`ugrp_id`),
  ADD UNIQUE KEY `ugrp_id` (`ugrp_id`) USING BTREE;

--
-- Indexes for table `user_login_sessions`
--
ALTER TABLE `user_login_sessions`
  ADD PRIMARY KEY (`usess_token`),
  ADD UNIQUE KEY `usess_token` (`usess_token`);

--
-- Indexes for table `user_privileges`
--
ALTER TABLE `user_privileges`
  ADD PRIMARY KEY (`upriv_id`),
  ADD UNIQUE KEY `upriv_id` (`upriv_id`) USING BTREE;

--
-- Indexes for table `user_privilege_groups`
--
ALTER TABLE `user_privilege_groups`
  ADD PRIMARY KEY (`upriv_groups_id`),
  ADD UNIQUE KEY `upriv_groups_id` (`upriv_groups_id`) USING BTREE,
  ADD KEY `upriv_groups_ugrp_fk` (`upriv_groups_ugrp_fk`),
  ADD KEY `upriv_groups_upriv_fk` (`upriv_groups_upriv_fk`);

--
-- Indexes for table `user_privilege_users`
--
ALTER TABLE `user_privilege_users`
  ADD PRIMARY KEY (`upriv_users_id`),
  ADD UNIQUE KEY `upriv_users_id` (`upriv_users_id`) USING BTREE,
  ADD KEY `upriv_users_uacc_fk` (`upriv_users_uacc_fk`),
  ADD KEY `upriv_users_upriv_fk` (`upriv_users_upriv_fk`);

--
-- AUTO_INCREMENT for dumped tables
--

--
-- AUTO_INCREMENT for table `advertizement`
--
ALTER TABLE `advertizement`
  MODIFY `id` int(11) NOT NULL AUTO_INCREMENT, AUTO_INCREMENT=8;
--
-- AUTO_INCREMENT for table `banks`
--
ALTER TABLE `banks`
  MODIFY `id` int(11) NOT NULL AUTO_INCREMENT, AUTO_INCREMENT=15;
--
-- AUTO_INCREMENT for table `bank_offers`
--
ALTER TABLE `bank_offers`
  MODIFY `id` int(11) NOT NULL AUTO_INCREMENT, AUTO_INCREMENT=22;
--
-- AUTO_INCREMENT for table `cities`
--
ALTER TABLE `cities`
  MODIFY `id` int(11) NOT NULL AUTO_INCREMENT, AUTO_INCREMENT=14;
--
-- AUTO_INCREMENT for table `city_area`
--
ALTER TABLE `city_area`
  MODIFY `id` int(11) NOT NULL AUTO_INCREMENT, AUTO_INCREMENT=12;
--
-- AUTO_INCREMENT for table `demo_user_address`
--
ALTER TABLE `demo_user_address`
  MODIFY `uadd_id` int(11) NOT NULL AUTO_INCREMENT, AUTO_INCREMENT=3;
--
-- AUTO_INCREMENT for table `demo_user_profiles`
--
ALTER TABLE `demo_user_profiles`
  MODIFY `upro_id` int(11) NOT NULL AUTO_INCREMENT, AUTO_INCREMENT=5;
--
-- AUTO_INCREMENT for table `flat_amenities`
--
ALTER TABLE `flat_amenities`
  MODIFY `id` int(11) NOT NULL AUTO_INCREMENT, AUTO_INCREMENT=9;
--
-- AUTO_INCREMENT for table `project_amenities`
--
ALTER TABLE `project_amenities`
  MODIFY `id` int(11) NOT NULL AUTO_INCREMENT, AUTO_INCREMENT=20;
--
-- AUTO_INCREMENT for table `properties`
--
ALTER TABLE `properties`
  MODIFY `id` int(11) NOT NULL AUTO_INCREMENT, AUTO_INCREMENT=13;
--
-- AUTO_INCREMENT for table `property_images`
--
ALTER TABLE `property_images`
  MODIFY `id` int(11) NOT NULL AUTO_INCREMENT, AUTO_INCREMENT=43;
--
-- AUTO_INCREMENT for table `property_nearby`
--
ALTER TABLE `property_nearby`
  MODIFY `id` int(11) NOT NULL AUTO_INCREMENT, AUTO_INCREMENT=16;
--
-- AUTO_INCREMENT for table `property_videos`
--
ALTER TABLE `property_videos`
  MODIFY `id` int(11) NOT NULL AUTO_INCREMENT, AUTO_INCREMENT=4;
--
-- AUTO_INCREMENT for table `units`
--
ALTER TABLE `units`
  MODIFY `id` int(11) NOT NULL AUTO_INCREMENT, AUTO_INCREMENT=15;
--
-- AUTO_INCREMENT for table `user_accounts`
--
ALTER TABLE `user_accounts`
  MODIFY `uacc_id` int(11) UNSIGNED NOT NULL AUTO_INCREMENT, AUTO_INCREMENT=3;
--
-- AUTO_INCREMENT for table `user_groups`
--
ALTER TABLE `user_groups`
  MODIFY `ugrp_id` smallint(5) NOT NULL AUTO_INCREMENT, AUTO_INCREMENT=4;
--
-- AUTO_INCREMENT for table `user_privileges`
--
ALTER TABLE `user_privileges`
  MODIFY `upriv_id` smallint(5) NOT NULL AUTO_INCREMENT, AUTO_INCREMENT=12;
--
-- AUTO_INCREMENT for table `user_privilege_groups`
--
ALTER TABLE `user_privilege_groups`
  MODIFY `upriv_groups_id` smallint(5) UNSIGNED NOT NULL AUTO_INCREMENT, AUTO_INCREMENT=16;
--
-- AUTO_INCREMENT for table `user_privilege_users`
--
ALTER TABLE `user_privilege_users`
  MODIFY `upriv_users_id` smallint(5) NOT NULL AUTO_INCREMENT, AUTO_INCREMENT=18;
/*!40101 SET CHARACTER_SET_CLIENT=@OLD_CHARACTER_SET_CLIENT */;
/*!40101 SET CHARACTER_SET_RESULTS=@OLD_CHARACTER_SET_RESULTS */;
/*!40101 SET COLLATION_CONNECTION=@OLD_COLLATION_CONNECTION */;
